No,Title,Description,FilePath,Tags,ContentLength
1,AI2 Reasoning Challenge,a set of grade-school science questions,./a/AI2-reasoning-challenge.md,AI,"456"
2,ã€Šäººç±»ç®€å²ã€‹,ã€Šäººç±»ç®€å²ã€‹,./a/a-brief-history-of-humankind.md,"history, suggestion, book","499"
3,ã€Šå¦‚æ¢¦ä¹‹æ¢¦ã€‹,ã€Šå¦‚æ¢¦ä¹‹æ¢¦ã€‹,./a/a-dreamy-dream.md,drama,"447"
4,A Survey on Retrieval-Augmented Text Generation for Large Language Models,A Survey on Retrieval-Augmented Text Generation for Large Language Models,./a/a-survey-on-rag-for-llm.md,AI,"287"
5,ç”°å¾„ A1ç±»èµ›äº‹,"è¿åŠ¨, é©¬æ‹‰æ¾",./a/a1-competion.md,sport,"249"
6,AAARR æµ·ç›—æŒ‡æ ‡,AAARR æµ·ç›—æŒ‡æ ‡,./a/aarrr.md,marketing,"764"
7,è¡¡é‡åŸå¸‚,è¡¡é‡åŸå¸‚,./a/about-city.md,city,"308"
8,è®©äººä¸Šç˜¾çš„å¤šå·´èƒº,è®©äººä¸Šç˜¾çš„å¤šå·´èƒº,./a/addictive-dopamine.md,life science,"639"
9,ç®¡ç†åå°æ¨¡ç‰ˆè°ƒç ”,ç®¡ç†åå°æ¨¡ç‰ˆè°ƒç ”,./a/admin-template-anylsis.md,develop,"1,014"
10,AFFiNE,"AFFiNE is a workspace with fully merged docs, whiteboards and databases",./a/affine.md,"open source, tools","341"
11,Agent,Agent,./a/agent.md,AI,"864"
12,AI åº”ç”¨,AI åº”ç”¨,./a/ai-app.md,AI,"1,312"
13,AI Pin,AI Pin,./a/ai-pin.md,"AI, wearable","127"
14,AI UI ç»„ä»¶åº“é›†åˆ,AI UI ç»„ä»¶åº“é›†åˆ,./a/ai-ui-libs.md,"AI, frontend","124"
15,AI,æä¾›æ‰§è¡Œå¤æ‚ä»»åŠ¡çš„æœåŠ¡,./a/ai.md,AI,"9,216"
16,AirOps,AirOps,./a/airops.md,"AI, workflow","425"
17,AirTable,Database + Excel. ç±»ä¼¼é£ä¹¦çš„å¤šç»´è¡¨æ ¼,./a/airtable.md,tools,"234"
18,Alan Chan,Heptabase åˆ›å§‹äºº,./a/alan-chan.md,people,"1,318"
19,äºšé©¬é€Šå·¥ä½œæ³•,å¢é•¿é£è½®å’Œé€†å‘å·¥ä½œæ³•,./a/amazon-work-method.md,effective,"638"
20,æä»æ ¸,äº§ç”Ÿæƒ…ç»ªå’Œè°ƒèŠ‚å†…è„æ´»åŠ¨,./a/amygdala.md,life science,"748"
21,æ•°æ®åˆ†æè½¯ä»¶,æ•°æ®åˆ†æè½¯ä»¶,./a/analysis-tools.md,tools,"81"
22,ã€Šå¦‚ä½•æœ‰æ•ˆå…‹æœæƒ°æ€§ã€‹ - åˆ†æ,ã€Šå¦‚ä½•æœ‰æ•ˆå…‹æœæƒ°æ€§ã€‹ - åˆ†æ,./a/analyze.md,,"659"
23,æ„¤æ€’,æ„¤æ€’,./a/anger.md,,"58"
24,animate.css,animate.css,./a/animate.css.md,frontend,"72"
25,èŠ±é’ç´ ,èŠ±é’ç´ ,./a/anthocyanidin.md,health,"230"
26,Are we too busy to enjoy life?,Are we too busy to enjoy life?,./a/are-we-too-busy-to-enjoy-life.md,,"1,745"
27,Astro,"Astro is the web framework for building content-driven websites like blogs, marketing, and e-commerce.",./a/astro.md,"frontend, CMS","1,667"
28,åŸå­åŒ–è®°å½•,åŸå­åŒ–è®°å½•å°±æ˜¯ä¸€æ¡è®°å½•å°±å†™æ¸…æ¥šä¸€ä»¶å°çš„äº‹ã€‚å¾ˆåƒå†™ä»£ç ï¼Œä¸€ä¸ªå‡½æ•°åªåšä¸€ä»¶äº‹ã€‚,./a/atom.md,,"239"
29,Auth0,Auth0,./a/auth0.md,,"79"
30,è‡ªåŠ¨åŒ–,è‡ªåŠ¨åŒ–,./a/automation.md,"effective, tools","125"
31,é¿å…ç†¬å¤œ,é¿å…ç†¬å¤œ,./a/avoid-staying-up.md,health,"52"
32,Awesome LLM WebUIs,Awesome LLM WebUIs,./a/awesome-llm-web-ui.md,"AI, frontend","171"
33,BaaS,Backend ad a Service(åç«¯å³æœåŠ¡),./b/baas.md,,"215"
34,Backend Framework,Backend Framework,./b/backend-framework.md,,"79"
35,å¹³è¡¡,å¹³è¡¡,./b/balance.md,,"17"
36,Bard,Bard,./b/bard.md,"AI, LLM","80"
37,ã€Šæ¤ç‰©çš„æˆ˜æ–—ã€‹,ã€Šæ¤ç‰©çš„æˆ˜æ–—ã€‹,./b/battle-of-plants.md,"suggestion, pop science, book","474"
38,è´å¶æ–¯æ¨ç†,è´å¶æ–¯æ¨ç†,./b/bayesian-inference.md,,"947"
39,ä»é˜…è¯»ä¸­è·å–çŸ¥è¯†çš„æœ€å¥½æ–¹å¼,ä»é˜…è¯»ä¸­è·å–çŸ¥è¯†çš„æœ€å¥½æ–¹å¼,./b/best-way-to-acquire-knowledge-from-readings.md,methods,"373"
40,åè§,åè§,./b/bias.md,,"65"
41,æ¯•æ˜‡,æ¯•æ˜‡,./b/bisheng.md,"open-source, AI","776"
42,ä¹¦,ä¹¦,./b/book.md,book,"110"
43,Bookmarks,Bookmarks,./b/bookmarks.md,tools,"219"
44,ã€Šæ’æ¯’å§ï¼Œå¤§è„‘ã€‹,ã€Šæ’æ¯’å§ï¼Œå¤§è„‘ã€‹,./b/brain-wash.md,health,"1,247"
45,ã€Šå†¥æƒ³5åˆ†é’Ÿï¼Œç­‰äºç†Ÿç¡ä¸€å°æ—¶ã€‹,ã€Šå†¥æƒ³5åˆ†é’Ÿï¼Œç­‰äºç†Ÿç¡ä¸€å°æ—¶ã€‹,./b/buddha's-brain.md,,"1,427"
46,ä½›æ•™,ä½›æ•™,./b/buddhism.md,,"930"
47,å»ºç­‘,å»ºç­‘,./b/building.md,,"89"
48,è´Ÿæ‹…,è´Ÿæ‹…,./b/burden.md,,"19"
49,ç»è¥è´·çš„å‘,ç»è¥è´·çš„å‘,./b/business-loan.md,,"1,277"
50,å•†ä¸šæ¨¡å¼,å•†ä¸šæ¨¡å¼,./b/business-model.md,,"57"
51,ComfyUI,ComfyUI,./c/ComfyUI.md,,"228"
52,CaaS,CaaS,./c/caas.md,,"87"
53,ã€Šèœæ ¹è°­ã€‹,ã€Šèœæ ¹è°­ã€‹,./c/caigentan.md,,"483"
54,Canva,Canva,./c/canva.md,,"323"
55,èƒ¶å›Šè®¡åˆ’,èƒ¶å›Šè®¡åˆ’,./c/capsule.md,,"213"
56,è½¦,è½¦,./c/car.md,,"113"
57,åŠ¨ç”»&å¡é€š,åŠ¨ç”»&å¡é€š,./c/cartoon.md,,"413"
58,å› æœ,å› æœ,./c/cause-and-effect.md,,"62"
59,ç»†èƒ,ç»†èƒ,./c/cell.md,,"816"
60,Character.ai,Character.ai,./c/character-ai.md,,"73"
61,ã€Šè¿½æ¢¦èµ¤å­å¿ƒã€‹,å¬ç€è®©äººçƒ­è¡€æ²¸è…¾çš„æ­Œ,./c/chasing-dreams with-a-pure-heart.md,song,"833"
62,ChatBot,ChatBot,./c/chatbot.md,,"579"
63,ChatGPT-API Demo,ChatGPT-API Demo,./c/chatgpt-demo.md,open-source,"363"
64,ChatGPT Next Web,ChatGPT Next Web,./c/chatgpt-next-web.md,open-source,"300"
65,ã€Šæˆéƒ½ã€‹,ã€Šæˆéƒ½ã€‹,./c/chengdu-song.md,,"453"
66,æˆéƒ½,å¦‚æœä¸å·®é’±ï¼Œèƒ½ç”Ÿæ´»çš„ä¸é”™çš„åŸå¸‚ã€‚,./c/chengdu.md,city,"827"
67,å¤®ä¼,å¤®ä¼,./c/china-grant-company.md,,"297"
68,ä¸­å›½æ—¶é—´çº¿,ä¸­å›½æ—¶é—´çº¿,./c/china-main-time-line.md,,"720"
69,èŠ¯ç‰‡,èŠ¯ç‰‡,./c/chip.md,,"2,498"
70,ã€ŠæŠ‰æ‹©ã€‹,ã€ŠæŠ‰æ‹©ã€‹,./c/choice.md,,"1,133"
71,Choose optimism,Choose optimism,./c/choose-optimism.md,,"1,242"
72,é€‰æ‹©å·¥å…·,é€‰æ‹©å·¥å…·,./c/choose-tool.md,,"62"
73,å·è™ Chat,å·è™ Chat,./c/chuanhu-ChatGPT.md,open-source,"137"
74,clash-verge-rev,clash-verge-rev,./c/clash-verge-rev.md,,"92"
75,Claude,Claude,./c/claude.md,,"21"
76,Clerk,Clerk,./c/clerk.md,"open-source, BaaS","381"
77,CV å£°éŸ³å…‹éš†å·¥å…·,CV å£°éŸ³å…‹éš†å·¥å…·,./c/clone-voice.md,open-source,"157"
78,äº‘å¹³å°,äº‘å¹³å°,./c/cloud.md,,"39"
79,ä»£ç å¤æ‚åº¦,ä»£ç å¤æ‚åº¦,./c/code-complexity.md,,"70"
80,åå›çš„é²è·¯ä¿®,åå›çš„é²è·¯ä¿®,./c/code-geass.md,animation,"171"
81,å†·ç¬‘è¯,å†·ç¬‘è¯,./c/code-joke.md,,"100"
82,ä»£ç è´¨é‡,ä»£ç è´¨é‡,./c/code-quality.md,coding,"152"
83,ç¼–ç¨‹,ç¼–ç¨‹,./c/coding.md,coding,"264"
84,ååŒ,ååŒ,./c/collaboration.md,effective,"57"
85,å•†ä¸šåœ°äº§,å•†ä¸šåœ°äº§,./c/commercial-estate.md,,"195"
86,ç»„åˆ,ç»„åˆ,./c/composition.md,,"85"
87,è¿æ¥åº”ç”¨çš„è½¯ä»¶,è¿æ¥åº”ç”¨çš„è½¯ä»¶,./c/connect-app.md,,"87"
88,æ¶ˆè´¹ä¸»ä¹‰,æ¶ˆè´¹ä¸»ä¹‰,./c/consumerism.md,,"214"
89,å†…å®¹åˆ›ä½œå’Œç¼–è¾‘,å†…å®¹åˆ›ä½œå’Œç¼–è¾‘,./c/content-generation.md,,"1,092"
90,çŸ¥è¶³,çŸ¥è¶³,./c/contented.md,,"52"
91,é—®é¢˜çš„ç»„æˆ,é—®é¢˜çš„ç»„æˆ,./c/contents-include-in-problem.md,,"20"
92,ã€Šå›šå¾’å¥èº«ã€‹,ã€Šå›šå¾’å¥èº«ã€‹,./c/convict-conditioning.md,,"84"
93,Copilot,Copilot,./c/copilot.md,,"142"
94,copyai,copyai,./c/copyai.md,,"118"
95,æ¨¡å‹,æ¨¡å‹,./c/core.md,,"352"
96,Coze,Coze,./c/coze.md,,"166"
97,åº“é‡Œå—,åº“é‡Œå—,./c/cullinan.md,,"267"
98,Class Variance Authority,Class Variance Authority,./c/cva.md,,"151"
99,æ•°æ®åˆ†æ,æ•°æ®åˆ†æ,./d/data-analysis.md,,"171"
100,data fetching library,data fetching library,./d/data-fetching-library.md,,"133"
101,ç™½æ—¥æ¢¦å²›(Daydream island),ç™½æ—¥æ¢¦å²›(Daydream island),./d/daydream.md,,"271"
102,æ•°æ®åº“,æ•°æ®åº“,./d/db.md,,"100"
103,å¤„ç†è´Ÿé¢æƒ…ç»ª,å¤„ç†è´Ÿé¢æƒ…ç»ª,./d/deal-with-negative-emotions.md,,"46"
104,è§£è—•,è§£è—•,./d/decouple.md,,"181"
105,å®šä¹‰é—®é¢˜,å®šä¹‰é—®é¢˜,./d/define-the-problem.md,,"341"
106,éƒ¨ç½²æ¨¡å‹/æ¨ç†æœåŠ¡çš„å¹³å°,éƒ¨ç½²æ¨¡å‹/æ¨ç†æœåŠ¡çš„å¹³å°,./d/deploy.md,,"128"
107,devv,devv,./d/devv.md,,"64"
108,å¦‚ä½•åœ¨ Dify çš„ Chatflow ä¸­å®ç°ç²¾å‡†çš„åŠŸèƒ½è·¯ç”±,å¦‚ä½•åœ¨ Dify çš„ Chatflow ä¸­å®ç°ç²¾å‡†çš„åŠŸèƒ½è·¯ç”±,./d/dify-chatflow-action-route.md,"dify, AI, my-output","1,024"
109,Dify,Dify,./d/dify.md,"dify, open-source","694"
110,å‘ç°é©±åŠ¨çš„è§„åˆ’,å‘ç°é©±åŠ¨çš„è§„åˆ’,./d/discovery-driven-planning.md,,"567"
111,è¿ªå£«å°¼,è¿ªå£«å°¼,./d/disney.md,,"1,488"
112,ã€Šä¸œèæ‰“å·¥å¦¹ç”Ÿå­˜å®å½•ã€‹,ã€Šä¸œèæ‰“å·¥å¦¹ç”Ÿå­˜å®å½•ã€‹,./d/dongguan-girls-work-record.md,,"388"
113,æˆå‰§,æˆå‰§,./d/drama.md,,"90"
114,æ¢¦æƒ³,æ¢¦æƒ³,./d/dream.md,,"23"
115,å¤šé‚»å›½,å¤šé‚»å›½,./d/duolingguo.md,,"18"
116,dynamicland,dynamicland,./d/dynamicland.md,,"335"
117,ã€Šç©ºè…¹çš„ç¥å¥‡æ²»æ„ˆåŠ›ã€‹,ã€Šç©ºè…¹çš„ç¥å¥‡æ²»æ„ˆåŠ›ã€‹,./e/eat-less.md,,"647"
118,ç»æµ,ç»æµ,./e/economy-1.md,,"2,666"
119,ç»æµ,ç»æµ,./e/economy.md,,"586"
120,æ•™è‚²å’ŒåŸ¹è®­,æ•™è‚²å’ŒåŸ¹è®­,./e/education.md,,"140"
121,æ•ˆç‡å·¥å…·,æ•ˆç‡å·¥å…·,./e/efficiency.md,,"46"
122,å“¥å“¥,å“¥å“¥,./e/elder.md,,"136"
123,å†…å•¡è‚½,å†…å•¡è‚½,./e/endorphins.md,,"250"
124,ä¿æŒæ´»åŠ›çš„ 5 ç§æ–¹æ³•,ä¿æŒæ´»åŠ›çš„ 5 ç§æ–¹æ³•,./e/enegy-managenent.md,,"630"
125,èƒ½æº,èƒ½æº,./e/energy.md,,"83"
126,ç†µå¢,ç†µå¢,./e/entropy-increase.md,,"34"
127,ç†µ,ç†µ,./e/entropy.md,,"101"
128,å¹³ç­‰,å¹³ç­‰,./e/equality.md,,"364"
129,è¿åŠ¨è£…å¤‡,è¿åŠ¨è£…å¤‡,./e/equipment.md,,"751"
130,è¯„ä»·,è¯„ä»·,./e/evaluate-app.md,,"129"
131,äººäººéƒ½èƒ½ç”¨è‹±è¯­,äººäººéƒ½èƒ½ç”¨è‹±è¯­,./e/every-one-can-use-english.md,,"121"
132,å†™çš„å¾ˆå¥½çš„,å†™çš„å¾ˆå¥½çš„,./e/excellent.md,,"302"
133,ç»éªŒ,ç»éªŒ,./e/experience.md,,"258"
134,äº‹å®,äº‹å®,./f/fact.md,,"504"
135,å…¬å¹³,å…¬å¹³,./f/fair.md,,"262"
136,å¸†è½¯,å¸†è½¯,./f/fanruan.md,,"70"
137,favorites,favorites,./f/favorites.md,,"234"
138,ç»„ä»¶åŠŸèƒ½ Checklist,ç»„ä»¶åŠŸèƒ½ Checklist,./f/feature.md,,"188"
139,feedly,feedly,./f/feedly.md,,"290"
140,æœ‰å‹åŠ›æ—¶ï¼Œèº«ä½“ä¼šå‘ç”Ÿäº›äº†ä»€ä¹ˆ,æœ‰å‹åŠ›æ—¶ï¼Œèº«ä½“ä¼šå‘ç”Ÿäº›äº†ä»€ä¹ˆ,./f/feel-stressed-what-happened.md,,"705"
141,é£ä¹¦å¤šç»´è¡¨æ ¼,é£ä¹¦å¤šç»´è¡¨æ ¼,./f/feishu-table.md,suggestion,"482"
142,æœ€å¸¸é—®çš„ 12 ä¸ªé—®é¢˜,æœ€å¸¸é—®çš„ 12 ä¸ªé—®é¢˜,./f/feynman-questions.md,,"260"
143,Fin AI Chatbot,Fin AI Chatbot,./f/fin.md,,"64"
144,æŠ•èµ„,æŠ•èµ„,./f/finance.md,,"216"
145,FIRE æ¨¡å‹,FIRE æ¨¡å‹,./f/fire.md,,"190"
146,FireCrawl,FireCrawl,./f/firecrawl.md,,"375"
147,Fixie,"'Check the price of a stock.',",./f/fixie.md,,"7,323"
148,Floating UI,Floating UI,./f/floating-ui.md,,"160"
149,é£è¡Œ,é£è¡Œ,./f/fly.md,,"106"
150,å¹»æ–¹é‡åŒ–,å¹»æ–¹é‡åŒ–,./f/flyer-quant.md,,"70"
151,Foam,Foam,./f/foam.md,,"146"
152,é£Ÿç‰©è½¬èƒ½é‡,é£Ÿç‰©è½¬èƒ½é‡,./f/food-to-energy.md,,"726"
153,Frame,Frame,./f/frame-ai-glass.md,,"424"
154,AI å¼€å‘æ¡†æ¶,AI å¼€å‘æ¡†æ¶,./f/framework.md,AI,"142"
155,ã€Šè‘¬é€çš„èŠ™è‰è²ã€‹,ã€Šè‘¬é€çš„èŠ™è‰è²ã€‹,./f/frieren-beyond-journey's-end.md,animation,"644"
156,JavaScript Framework,JavaScript Framework,./f/frontend-1.md,,"49"
157,å‰ç«¯åŠ¨ç”»åº“,å‰ç«¯åŠ¨ç”»åº“,./f/frontend-animate.md,,"97"
158,å‰ç«¯å®‰å…¨,å‰ç«¯å®‰å…¨,./f/frontend-security.md,,"417"
159,å‰ç«¯,å‰ç«¯,./f/frontend.md,,"205"
160,Web æ¡†æ¶,Web æ¡†æ¶,./f/full-stack.md,,"169"
161,æœ‰è¶£çš„å†·çŸ¥è¯†,æœ‰è¶£çš„å†·çŸ¥è¯†,./f/funny.md,,"1,029"
162,GummySearch,GummySearch,./g/GummySearch.md,,"94"
163,ã€Šé«˜è¾¾00ã€‹,ã€Šé«˜è¾¾00ã€‹,./g/Gundam-00.md,animation,"411"
164,G2,G2,./g/g2.md,,"59"
165,åšå¼ˆæ€ç»´,åšå¼ˆæ€ç»´,./g/game.md,,"425"
166,Gartner review,Gartner review,./g/gartner-reviews.md,,"89"
167,Gemini,Gemini,./g/gemini.md,,"372"
168,åŸºå› ,åŸºå› ,./g/gene.md,life science,"477"
169,è·å–ä¿¡æ¯,è·å–ä¿¡æ¯,./g/get-info.md,,"111"
170,Github Copilot,Github Copilot,./g/github-copilot.md,,"29"
171,GitHub Treading,GitHub Treading,./g/github-treading.md,,"360"
172,GitLab,GitLab,./g/gitlab.md,open-source,"87"
173,Glass animals,Glass animals,./g/glass-animals.md,,"94"
174,GLM,GLM,./g/glm.md,,"341"
175,å¿§éƒ,å¿§éƒ,./g/gloomy.md,,"29"
176,ã€Šæ§ç³–é©å‘½ã€‹,ã€Šæ§ç³–é©å‘½ã€‹,./g/glucose-revolution.md,,"11,797"
177,ä¼˜ç§€äº§å“ç ”ç©¶,ä¼˜ç§€äº§å“ç ”ç©¶,./g/good-product-research.md,,"197"
178,ç—›é£,ç—›é£,./g/gout.md,health,"568"
179,Gamma,Gamma,./g/gramma.md,,"82"
180,åŒé“¾ç¬”è®°,åŒé“¾ç¬”è®°,./g/graph-database.md,knowledge management,"285"
181,Graph View,Graph View,./g/graph-view.md,knowledge management,"122"
182,è´ªå©ª,è´ªå©ª,./g/greedy.md,,"80"
183,ã€Šäººé—´ä¿®ç‚¼æŒ‡å—ã€‹,ã€Šäººé—´ä¿®ç‚¼æŒ‡å—ã€‹,./g/guide-to-human-cultivation.md,,"116"
184,ã€Šèº«ä½“çš„é—®é¢˜ï¼Œè‚ çŸ¥é“ã€‹,ã€Šèº«ä½“çš„é—®é¢˜ï¼Œè‚ çŸ¥é“ã€‹,./g/gut-renovation.md,,"27"
185,å“ˆè€¶å…‹,å“ˆè€¶å…‹,./h/Hayek.md,,"86"
186,å¹¸ç¦,å¹¸ç¦,./h/hapiness.md,,"1,754"
187,å¹¸ç¦å¤§è¡—,å¹¸ç¦å¤§è¡—,./h/happiness-street.md,,"52"
188,headless UI,headless UI,./h/headless.md,frontend,"121"
189,Heptabase å¸®åŠ©æ–‡æ¡£,Heptabase å¸®åŠ©æ–‡æ¡£,./h/heptabase-wiki.md,,"194"
190,Heptabase,Heptabase,./h/heptabase.md,,"416"
191,å¾’æ­¥,å¾’æ­¥,./h/hiking.md,sport,"503"
192,å†å²,å†å²,./h/history-1.md,,"123"
193,å†å²,å†å²,./h/history.md,,"1,444"
194,HoloTile,HoloTile,./h/holo-tile.md,,"54"
195,çº¢æ¥¼æ¢¦,çº¢æ¥¼æ¢¦,./h/hongloumeng.md,,"511"
196,N/A,N/A,./h/how-an-economy-grows-and-why-it-crashes.md,,"26"
197,èº«ä½“æ˜¯å¦‚ä½•å·¥ä½œçš„,èº«ä½“æ˜¯å¦‚ä½•å·¥ä½œçš„,./h/how-body-works.md,,"984"
198,å¦‚ä½•åšå¥½å­å¥³çš„æ•™è‚²,å¦‚ä½•åšå¥½å­å¥³çš„æ•™è‚²,./h/how-to-do-get-education.md,,"713"
199,å¦‚ä½•æ‰¾åˆ°äººç”Ÿçš„æ„ä¹‰,å¦‚ä½•æ‰¾åˆ°äººç”Ÿçš„æ„ä¹‰,./h/how-to-find-the-meaning-of-life.md,,"500"
200,å¦‚ä½•è·å–è´¢å¯Œï¼Ÿ,å¦‚ä½•è·å–è´¢å¯Œï¼Ÿ,./h/how-to-get-wealth.md,,"243"
201,å¦‚ä½•å»¶é•¿å¥åº·å¯¿å‘½ï¼Ÿ,å¦‚ä½•å»¶é•¿å¥åº·å¯¿å‘½ï¼Ÿ,./h/how-to-have-a-longer-healthy-life.md,,"944"
202,å¦‚ä½•æå‡åšäº‹çš„æ•ˆç‡ï¼Ÿ,å¦‚ä½•æå‡åšäº‹çš„æ•ˆç‡ï¼Ÿ,./h/how-to-improve-working-efficiency.md,,"210"
203,å¦‚ä½•åšå¥½ä¿¡æ¯ç®¡ç†?,å¦‚ä½•åšå¥½ä¿¡æ¯ç®¡ç†?,./h/how-to-manage-info.md,,"234"
204,Hugging Face,Hugging Face,./h/hugging-face.md,,"28"
205,hume.ai,hume.ai,./h/hume-ai.md,,"236"
206,iPS,iPS,./i/iPS.md,,"929"
207,æƒ³è±¡,æƒ³è±¡,./i/imagination.md,,"137"
208,å‘½ä»¤å¼å’Œå£°æ˜å¼,å‘½ä»¤å¼å’Œå£°æ˜å¼,./i/imperative-and-declarative.md,,"555"
209,ã€Šä¸å®Œç¾å—å®³äººã€‹,ã€Šä¸å®Œç¾å—å®³äººã€‹,./i/imperfect-victim.md,,"109"
210,ä¿¡æ¯è·å–,ä¿¡æ¯è·å–,./i/in.md,,"384"
211,åŸºç¡€è®¾æ–½,åŸºç¡€è®¾æ–½,./i/infra.md,,"289"
212,ç»§æ‰¿,ç»§æ‰¿,./i/inheritance.md,,"17"
213,è¿™æ˜¯ä¸ªé—®é¢˜å—?,è¿™æ˜¯ä¸ªé—®é¢˜å—?,./i/is-this-a-question.md,,"77"
214,Plan by ixigo,Plan by ixigo,./i/ixigo.md,,"88"
215,æ—¥æœ¬å‡†å¤‡,æ—¥æœ¬å‡†å¤‡,./j/japan-plan.md,,"713"
216,æ—¥æœ¬,æ—¥æœ¬,./j/japan.md,,"1,705"
217,Jasper,Jasper,./j/jasper.md,,"160"
218,å§œæ–‡,å§œæ–‡,./j/jiang-wen.md,,"33"
219,é›†ç®€äº‘,é›†ç®€äº‘,./j/jijianyue.md,,"49"
220,reader,reader,./j/jina-reader.md,,"266"
221,Joey Schweitzer,Joey Schweitzer,./j/joey-schweitzer.md,,"168"
222,ã€Šå¨±ä¹ä¸ºç‹ã€‹,ã€Šå¨±ä¹ä¸ºç‹ã€‹,./j/just-for-fun.md,,"749"
223,å‡¯æ©æ–¯,å‡¯æ©æ–¯,./k/Keynes.md,,"18"
224,ã€Šæ€æ­»æ¯”å°”ã€‹,å¾ˆç²¾å½©çš„åŠ¨ä½œç”µå½±,./k/kill-bill.md,"movie, suggestion","70"
225,Kinde,Kinde,./k/kinde.md,"open-source, BaaS","91"
226,é£ç­,é£ç­,./k/kite.md,,"381"
227,çŸ¥è¯†ç®¡ç†,çŸ¥è¯†ç®¡ç†,./k/km.md,,"428"
228,çŸ¥è¯†ç®¡ç†çš„æ–¹æ³•,çŸ¥è¯†ç®¡ç†çš„æ–¹æ³•,./k/knowledge-management-methods.md,,"114"
229,çŸ¥è¯†ç®¡ç†,çŸ¥è¯†ç®¡ç†,./k/knowledge-managent.md,,"572"
230,LangChain,LangChain,./l/lanchain.md,open-source,"299"
231,"The Landscape of Emerging AI Agent Architectures for Reasoning, Planning, and Tool Calling","The Landscape of Emerging AI Agent Architectures for Reasoning, Planning, and Tool Calling",./l/landscape-of-ai-agent-architectures-survey.md,,"3,310"
232,Langui,Langui,./l/langui.md,,"467"
233,è‰¯æ¸š,è‰¯æ¸š,./l/liangzhu.md,,"324"
234,ã€Šä¸€ç”Ÿæ‰€çˆ±ã€‹,ã€Šä¸€ç”Ÿæ‰€çˆ±ã€‹,./l/life-long-love.md,,"562"
235,ç”Ÿå‘½ç§‘å­¦,ç”Ÿå‘½ç§‘å­¦,./l/life-science.md,,"109"
236,äº§å“åˆ—è¡¨,äº§å“åˆ—è¡¨,./l/list-1.md,,"1,710"
237,ä¹¦å•,ä¹¦å•,./l/list-2.md,,"1,232"
238,ç°å®åˆ—è¡¨,ç°å®åˆ—è¡¨,./l/list.md,,"66"
239,Llama,Llama,./l/llama.md,,"354"
240,LlamaIndex,LlamaIndex,./l/llamaIndex.md,,"31"
241,LLM,LLM,./l/llm-1.md,,"424"
242,LLM Scraper,LLM Scraper,./l/llm-scraper.md,,"202"
243,LLM,LLM,./l/llm.md,'tech classify schema',"749"
244,Lobe Chat,Lobe Chat,./l/lobe-chat.md,open-source,"234"
245,Logseq,Logseq,./l/logseq.md,open-source,"228"
246,æ´»é¡µæœ¬,æ´»é¡µæœ¬,./l/loose-leaf-book.md,"knowledge management, suggestion","169"
247,çˆ± æ­»äº¡ æœºå™¨äºº,çˆ± æ­»äº¡ æœºå™¨äºº,./l/love-death-robot.md,,"24"
248,çˆ±,çˆ±,./l/love.md,,"17"
249,äº§å“,äº§å“,./m/make-product.md,,"496"
250,ç”Ÿäº§,ç”Ÿäº§,./m/make.md,,"138"
251,Markdown Preview Enhanced,Markdown Preview Enhanced,./m/markdown-preview-enchanced.md,,"1,302"
252,Markdown Preview Mermaid Support,Markdown Preview Mermaid Support,./m/markdown-preview-mermaid.md,,"767"
253,å¸‚åœºç»æµ,å¸‚åœºç»æµ,./m/market-economy.md,,"262"
254,å¸‚åœº,å¸‚åœº,./m/market.md,,"17"
255,å¢¨æ»´,Markdown ç¼–è¾‘å™¨ï¼Œå¾®ä¿¡å…¬ä¼—å·æ’ç­å·¥å…·,./m/mdnice.md,tools,"101"
256,æ„ä¹‰,æ„ä¹‰,./m/meaning.md,,"184"
257,MECE,MECE,./m/mece.md,,"164"
258,è¯ç‰©,è¯ç‰©,./m/medicine.md,,"29"
259,è®°å¿†,è®°å¿†,./m/memory.md,,"17"
260,ä»£è°¢,ä»£è°¢,./m/metabolism.md,,"492"
261,ã€Šå¤§æ˜ç‹æœ 1556ã€‹,ã€Šå¤§æ˜ç‹æœ 1556ã€‹,./m/ming-dynasty-in-1566.md,suggestion,"44"
262,ç§‹å¤©çš„æ€€å¿µ,ç§‹å¤©çš„æ€€å¿µ,./m/miss-autumn.md,,"575"
263,ä½¿å‘½,ä½¿å‘½,./m/mission.md,,"17"
264,N/A,N/A,./m/model.md,,"0"
265,N/A,N/A,./m/moe.md,,"0"
266,æƒ…ç»ª,æƒ…ç»ª,./m/mood.md,,"93"
267,Moonshot AI,Moonshot AI,./m/moonshot.md,,"31"
268,ç”µå½±,ç”µå½±,./m/movie.md,,"411"
269,Muse,Muse,./m/muse.md,,"88"
270,ç¾å›½å›½å®¶åœ°ç†,ç¾å›½å›½å®¶åœ°ç†,./n/national-geographic.md,,"94"
271,æ¢ç´¢è‡ªç„¶,æ¢ç´¢è‡ªç„¶,./n/nature-explore.md,,"63"
272,è®°å½•éœ€è¦ç»“æ„åŒ–å—?,è®°å½•éœ€è¦ç»“æ„åŒ–å—?,./n/need-structed.md,,"205"
273,Ness Labs,Ness Labs,./n/ness-labs.md,,"274"
274,ç¥ç»ç§‘å­¦,ç¥ç»ç§‘å­¦,./n/neuroscience.md,,"93"
275,Next.js,Next.js,./n/next.md,,"22"
276,Next.js,Next.js,./n/nextjs.md,,"3,128"
277,Nibble and your appetite will grow,Nibble and your appetite will grow,./n/nibble-and-your-appetite-will-grow.md,,"319"
278,å®æ³¢,å®æ³¢,./n/ningbo.md,,"164"
279,è”šæ¥,è”šæ¥,./n/nio.md,,"718"
280,NLP(è‡ªç„¶è¯­è¨€å¤„ç†),NLP(è‡ªç„¶è¯­è¨€å¤„ç†),./n/nlp.md,,"119"
281,ç¬”è®°ç»„æˆ,ç¬”è®°ç»„æˆ,./n/note.md,,"386"
282,Notion,Notion,./n/notion.md,,"40"
283,NovelAI,NovelAI,./n/novelai.md,,"240"
284,åºå±± - è¯ºé‚£å¡”é™¢,åºå±± - è¯ºé‚£å¡”é™¢,./n/nuoanta.md,,"116"
285,è¥å…»å­¦,è¥å…»å­¦,./n/nutrition.md,,"2,333"
286,Obsidian,Obsidian,./o/obsidian.md,,"451"
287,ã€Šå®˜åœºé…’å±€ã€‹,ã€Šå®˜åœºé…’å±€ã€‹,./o/official-wine-bureau.md,,"604"
288,å¼€æºé¡¹ç›®åˆ†æ,å¼€æºé¡¹ç›®åˆ†æ,./o/open-source.md,,"437"
289,å¼€æ”¾ï¼Œå˜åŒ–ï¼Œå¤šå…ƒçš„å¿ƒæ€,å¼€æ”¾ï¼Œå˜åŒ–ï¼Œå¤šå…ƒçš„å¿ƒæ€,./o/open.md,,"28"
290,OpenSaas,OpenSaas,./o/openSaaS.md,open-source,"242"
291,OpenAI reasoning model,OpenAI reasoning model,./o/openai-gpt.md,,"97"
292,OpenAI,OpenAI,./o/openai.md,,"1,650"
293,OpenCSG,OpenCSG,./o/opencsg.md,,"314"
294,å¯»æ‰¾æœ€ä¼˜è§£è€Œä¸æ˜¯æœ€å¤§åŒ–,å¯»æ‰¾æœ€ä¼˜è§£è€Œä¸æ˜¯æœ€å¤§åŒ–,./o/optimal-rather-than-maximization.md,,"147"
295,ä¹è§‚,ä¹è§‚,./o/optimism.md,,"17"
296,å™¨å®˜,å™¨å®˜,./o/organ.md,,"633"
297,æ•´ç†,æ•´ç†,./o/orgnize.md,,"800"
298,ã€Šå¦‚ä½•æœ‰æ•ˆå…‹æœæƒ°æ€§ã€‹,ã€Šå¦‚ä½•æœ‰æ•ˆå…‹æœæƒ°æ€§ã€‹,./o/origin.md,,"1,831"
299,å…¶ä»–,å…¶ä»–,./o/other.md,,"195"
300,ã€Šè¶…è¶Šç™¾å²ã€‹,ã€Šè¶…è¶Šç™¾å²ã€‹,./o/outlive.md,,"3,281"
301,ä¿¡æ¯ç®¡ç†,ä¿¡æ¯ç®¡ç†,./o/overview.md,,"731"
302,PaaS,PaaS,./p/paas.md,,"80"
303,å½­æµ©ç¿”,å½­æµ©ç¿”,./p/pang-ho-cheung.md,,"34"
304,æ¿€æƒ…,æ¿€æƒ…,./p/passion.md,,"17"
305,Pendant,Pendant,./p/pendant.md,"AI, wearable","646"
306,äºº,äºº,./p/people-1.md,,"482"
307,äºº,äºº,./p/people.md,,"77"
308,Perplexity,Perplexity,./p/perplexity.md,,"97"
309,æ‚²è§‚,æ‚²è§‚,./p/pessimism.md,,"640"
310,Pico,Pico,./p/pico.md,,"58"
311,Pinecone,Pinecone,./p/pinecone.md,,"23"
312,è®¡åˆ’ç»æµ,è®¡åˆ’ç»æµ,./p/planned-economy.md,,"19"
313,VSCODE æ’ä»¶,VSCODE æ’ä»¶,./p/plugins.md,,"376"
314,PMF(äº§å“/å¸‚åœºå¥‘åˆåº¦),PMF(äº§å“/å¸‚åœºå¥‘åˆåº¦),./p/pmf.md,,"118"
315,è¯—æ­Œ,è¯—æ­Œ,./p/poem.md,,"99"
316,æ”¿æ²»,æ”¿æ²»,./p/politics.md,,"126"
317,æ­£å¾ªç¯,æ­£å¾ªç¯,./p/positive-cycle.md,,"72"
318,ã€Šæ­£é¢ç®¡æ•™ã€‹,ã€Šæ­£é¢ç®¡æ•™ã€‹,./p/positive-discipine.md,,"274"
319,æ­£å‘åé¦ˆ,æ­£å‘åé¦ˆ,./p/positive-feedback.md,,"19"
320,ç§¯æå¿ƒç†å­¦,ç§¯æå¿ƒç†å­¦,./p/positive-psychology.md,,"225"
321,å¯é¢„æµ‹,å¯é¢„æµ‹,./p/predictable.md,,"18"
322,ä¼˜å…ˆé€‰æ‹©åˆ†ç±»è¿˜æ˜¯æ ‡ç­¾,ä¼˜å…ˆé€‰æ‹©åˆ†ç±»è¿˜æ˜¯æ ‡ç­¾,./p/prefer-classify-or-tag.md,,"394"
323,æ§åˆ¶æƒ…ç»ªçš„å‰é¢å¶çš®è´¨,æ§åˆ¶æƒ…ç»ªçš„å‰é¢å¶çš®è´¨,./p/prefrontal-cortex.md,,"919"
324,æ•°æ®å‘ˆç°,æ•°æ®å‘ˆç°,./p/presentation.md,,"142"
325,æ¦‚ç‡,æ¦‚ç‡,./p/probability.md,,"17"
326,é—®é¢˜,é—®é¢˜,./p/problem-1.md,,"537"
327,é—®é¢˜,é—®é¢˜,./p/problem.md,,"298"
328,äº§å“ Schema,äº§å“ Schema,./p/product-1.md,,"94"
329,äº§å“,äº§å“,./p/product-2.md,,"36"
330,Product Hunt,Product Hunt,./p/product-hunt.md,,"153"
331,äº§å“,äº§å“,./p/product.md,,"40"
332,ç¼–ç¨‹é€»è¾‘å¯è§†åŒ–,ç¼–ç¨‹é€»è¾‘å¯è§†åŒ–,./p/programming.md,open-source,"296"
333,Prompt å·¥ç¨‹,Prompt å·¥ç¨‹,./p/prompt-engineer.md,,"25"
334,æ•£æ–‡,æ•£æ–‡,./p/prose.md,,"217"
335,Publer AI Assist,Publer AI Assist,./p/publer.md,,"108"
336,è¿½å¯»,è¿½å¯»,./p/pursue.md,,"203"
337,ã€Šé‡å­å¤§å” å—‘ã€‹,ã€Šé‡å­å¤§å” å—‘ã€‹,./q/quantum-dialog.md,,"106"
338,Quartz,Quartz,./q/quartz.md,,"464"
339,Questgen,Questgen,./q/questgen.md,open-source,"204"
340,QuillBot,QuillBot,./q/quillbot.md,,"23"
341,Quizlet,Quizlet,./q/quizlet.md,,"671"
342,Rabbit R1,Rabbit R1,./r/rabbit-r1.md,,"674"
343,Radix Vue,Radix Vue,./r/radix-vue.md,,"108"
344,Radix,Radix,./r/radix.md,,"1,393"
345,RAG,RAG,./r/rag.md,,"3,171"
346,å½©è™¹å¡ç‰Œ,ç»™äººç²¾ç¥åŠ›é‡çš„ä¸€äº›å¥å­,./r/rainbow-card.md,,"962"
347,Rath,Rath,./r/rath.md,open-source,"195"
348,React,React,./r/react-1.md,,"87"
349,React component,React component,./r/react-componet.md,,"130"
350,React Spring,React Spring,./r/react-spring.md,,"244"
351,React,React,./r/react.md,,"1,538"
352,è¯»é¦–è¯—å†ç¡è§‰,è¯»é¦–è¯—å†ç¡è§‰,./r/read-a-poem-before-sleep.md,,"26"
353,é˜…è¯»,é˜…è¯»,./r/reading.md,,"17"
354,æ€ä¹ˆç®—æ˜¯æŒæ¡äº†çŸ¥è¯†,æ€ä¹ˆç®—æ˜¯æŒæ¡äº†çŸ¥è¯†,./r/readmd-1.md,,"68"
355,è¿åŠ¨,è¿åŠ¨,./r/readmd-2.md,,"605"
356,æ•°æ®å­˜å‚¨,æ•°æ®å­˜å‚¨,./r/readmd.md,,"129"
357,æˆ¿å­,æˆ¿å­,./r/reamde.md,,"308"
358,æ¨ç†èƒ½åŠ›,æ¨ç†èƒ½åŠ›,./r/reasoning.md,,"19"
359,ReByte,ReByte,./r/rebyte.md,,"864"
360,Recall,Recall,./r/recall.md,,"471"
361,ã€Šå‰‘é›¨ã€‹,ã€Šå‰‘é›¨ã€‹,./r/reign-of-assassins.md,,"1,082"
362,Relative Path,Relative Path,./r/relative-path.md,,"170"
363,æ”¾æ¾,æ”¾æ¾,./r/relax-1.md,,"52"
364,æ”¾æ¾,æ”¾æ¾,./r/relax.md,,"17"
365,Relika,Relika,./r/relika.md,,"48"
366,Remix,Remix,./r/remix.md,,"394"
367,remove bg,remove bg,./r/remove-bg.md,,"109"
368,Replicate,Replicate,./r/replicate.md,,"24"
369,Resend,Resend,./r/resend.md,BaaS,"621"
370,ã€Šé‡å¡‘è¶…çº§å¤§è„‘ã€‹,ã€Šé‡å¡‘è¶…çº§å¤§è„‘ã€‹,./r/reshaping-the-super-brain.md,,"1,142"
371,å­¦ä¹ èµ„æº,å­¦ä¹ èµ„æº,./r/resource-1.md,,"122"
372,èµ„æº,èµ„æº,./r/resource-2.md,,"305"
373,èµ„æº,èµ„æº,./r/resource.md,,"945"
374,ä¼‘æ¯,ä¼‘æ¯,./r/rest.md,,"74"
375,Roam,Roam,./r/roam.md,"knowledge management, tools","845"
376,åŠ³æ–¯è±æ–¯,åŠ³æ–¯è±æ–¯,./r/rolls-royce.md,,"45"
377,æµªæ¼«ä¸»ä¹‰,æµªæ¼«ä¸»ä¹‰,./r/romanticism.md,,"258"
378,N/A,N/A,./r/route-todo.md,,"263"
379,Runway,Runway,./r/runway.md,,"335"
380,SaaS,SaaS,./s/saas-1.md,,"102"
381,SaaS,SaaS,./s/saas.md,,"42"
382,å®‰å…¨,å®‰å…¨,./s/safe.md,,"129"
383,é”€å”®,é”€å”®,./s/sale.md,,"305"
384,åœ£æ‰˜é‡Œå°¼å²›,åœ£æ‰˜é‡Œå°¼å²›,./s/santorini.md,,"147"
385,ä¸‰äºš,ä¸‰äºš,./s/sanya.md,,"709"
386,åœºæ™¯,åœºæ™¯,./s/scenario-1.md,,"274"
387,AI åœºæ™¯,AI åœºæ™¯,./s/scenario-2.md,,"208"
388,åœºæ™¯,åœºæ™¯,./s/scenario.md,,"72"
389,Tech Schema,Tech Schema,./s/schema-1.md,,"261"
390,æ¨¡å‹ Schema,æ¨¡å‹ Schema,./s/schema.md,,"83"
391,ç§‘å­¦æ–¹æ³•,ç§‘å­¦æ–¹æ³•,./s/science-1.md,,"807"
392,ç§‘å­¦,ç§‘å­¦,./s/science.md,,"314"
393,æµ·,æµ·,./s/sea.md,,"100"
394,AI æœç´¢,AI æœç´¢,./s/search.md,,"411"
395,æš—æ‹æ¡ƒèŠ±æº,æš—æ‹æ¡ƒèŠ±æº,./s/secret-love-and-heavenly-place.md,,"56"
396,Semantic Scholar,Semantic Scholar,./s/semantic-scholar.md,,"133"
397,è°ƒèŠ‚æƒ…ç»ªçš„è¡€æ¸…ç´ ,è°ƒèŠ‚æƒ…ç»ªçš„è¡€æ¸…ç´ ,./s/serotonin-for-mood-regulation.md,,"432"
398,shadcn/ui,shadcn/ui,./s/shadcn.md,open-source,"375"
399,è‚¾,è‚¾,./s/shen.md,health,"75"
400,ç®€åŒ–,ç®€åŒ–,./s/simplify.md,,"116"
401,å•ä¸€èŒè´£,å•ä¸€èŒè´£,./s/single-responsibility.md,,"175"
402,ç½‘ç«™æµé‡åˆ†æ,ç½‘ç«™æµé‡åˆ†æ,./s/site.md,,"34"
403,ç»æµæƒ…å†µ,ç»æµæƒ…å†µ,./s/situation.md,,"57"
404,å°å“,å°å“,./s/sketch.md,,"197"
405,æ»‘é›ª,æ»‘é›ª,./s/ski.md,sport,"655"
406,èƒ½åŠ›,èƒ½åŠ›,./s/skill.md,,"77"
407,æ…¢å……,æ…¢å……,./s/slow-rechange.md,,"194"
408,ä»£ç ç‰‡æ®µ,ä»£ç ç‰‡æ®µ,./s/snippents.md,,"41"
409,è½¯ä»¶å·¥ç¨‹,è½¯ä»¶å·¥ç¨‹,./s/soft-engineering.md,,"224"
410,æœåŠ¡,æœåŠ¡,./s/solution.md,,"69"
411,è§£å†³é—®é¢˜,è§£å†³é—®é¢˜,./s/solve-problem.md,,"37"
412,æ­Œ,æ­Œ,./s/song.md,,"124"
413,N/A,N/A,./s/sop.md,,"0"
414,Source,Source,./s/source.md,,"288"
415,è¿åŠ¨çš„å¥½å¤„,è¿åŠ¨çš„å¥½å¤„,./s/sport-benefits.md,sport,"579"
416,Stability.ai,Stability.ai,./s/stability-ai.md,,"105"
417,èµ–å£°å·,èµ–å£°å·,./s/stan-lai.md,,"301"
418,Pitch Generator,Pitch Generator,./s/startup-pitch-generator-tally.md,,"582"
419,N/A,N/A,./s/state-manage.md,,"282"
420,ã€Šå·é¦™ã€‹,ã€Šå·é¦™ã€‹,./s/steal-fragrance.md,,"659"
421,å­™ç‡•å§¿,å­™ç‡•å§¿,./s/stefanie-sun.md,,"44"
422,Steph Ango,Steph Ango,./s/steph-ango.md,,"466"
423,Strapi,Strapi,./s/strapi.md,open-source,"239"
424,Stripe,Stripe,./s/stripe.md,,"1,393"
425,æ€»ç»“èƒ½åŠ›,æ€»ç»“èƒ½åŠ›,./s/summary.md,,"22"
426,supabase,supabase,./s/supabase.md,open-source,"285"
427,TinyWow,"We offer PDF, video, image and other online tools to make your life easier",./t/TinyWow.md,"suggestion, tools","323"
428,tailwind-merge,tailwind-merge,./t/tailwind-merge.md,suggestion,"358"
429,ã€Šæš—æ²³ä¼ ã€‹,ã€Šæš—æ²³ä¼ ã€‹,./t/tales-fo-dark-river.md,,"205"
430,TanStack Query,TanStack Query,./t/tanstack-query.md,,"663"
431,TanStack,TanStack,./t/tanstack.md,,"306"
432,èŒ¶é©¬å¤é“,èŒ¶é©¬å¤é“,./t/tea-hourse.md,,"90"
433,æŠ€æœ¯,æŠ€æœ¯,./t/tech-1.md,,"372"
434,AI æŠ€æœ¯,AI æŠ€æœ¯,./t/tech-2.md,,"143"
435,æŠ€æœ¯,æŠ€æœ¯,./t/tech-3.md,,"119"
436,æŠ€æœ¯,æŠ€æœ¯,./t/tech.md,,"827"
437,æŠ€æœ¯çš„æ¶Ÿæ¼ªæ•ˆåº”ï¼šRAGä¸Long Contextçš„è®¤çŸ¥å†²çª,æŠ€æœ¯çš„æ¶Ÿæ¼ªæ•ˆåº”ï¼šRAGä¸Long Contextçš„è®¤çŸ¥å†²çª,./t/technological-ripple-effect-rag-and-long-context-cognitive-conflict.md,,"631"
438,ç‰¹æ–¯æ‹‰,ç‰¹æ–¯æ‹‰,./t/tesla.md,,"258"
439,ã€Šçº³ç“¦å°”å®å…¸ã€‹,ã€Šçº³ç“¦å°”å®å…¸ã€‹,./t/the-almanack-of-naval-ravikant.md,"suggestion, book","2,299"
440,The doors,The doors,./t/the-doors.md,band,"116"
441,äººç”Ÿçš„æ„ä¹‰,äººç”Ÿçš„æ„ä¹‰,./t/the-meaning-of-life.md,,"187"
442,ã€Šå¤§æ¸…ç›å•†ã€‹,ã€Šå¤§æ¸…ç›å•†ã€‹,./t/the-merchants-of-qing-dynasty.md,"history, series","698"
443,ã€Šç–¯ç‹‚çš„å°¿é…¸ã€‹,ã€Šç–¯ç‹‚çš„å°¿é…¸ã€‹,./t/the-surprising-new-science-of-uric-cid.md,health,"3,619"
444,The Verge,The Verge,./t/the-verge.md,suggestion,"229"
445,ã€Šæ˜¨æ—¥ä¹‹å‰çš„ä¸–ç•Œã€‹,ã€Šæ˜¨æ—¥ä¹‹å‰çš„ä¸–ç•Œã€‹,./t/the-world-until-yesterday.md,"history, book","61"
446,ä¸»é¢˜å…¬å›­,ä¸»é¢˜å…¬å›­,./t/theme-park.md,travel,"85"
447,è€ƒè™‘æ¸…æ¥šè¦è§£å†³ä»€ä¹ˆé—®é¢˜åå†è¡ŒåŠ¨,è€ƒè™‘æ¸…æ¥šè¦è§£å†³ä»€ä¹ˆé—®é¢˜åå†è¡ŒåŠ¨,./t/think-clearly-to-solve-which-problem-before-action.md,,"107"
448,ThoughtWorks æŠ€æœ¯é›·è¾¾,ThoughtWorks æŠ€æœ¯é›·è¾¾,./t/thoughtworks-radar.md,suggestion,"1,017"
449,æ—¶é—´çº¿,æ—¶é—´çº¿,./t/time-line.md,history,"246"
450,ğŸªœ,ğŸªœ,./t/tizi.md,,"135"
451,tldraw VSCode Plugin,tldraw VSCode Plugin,./t/tldraw.md,,"171"
452,å¾…ç ”ç©¶,å¾…ç ”ç©¶,./t/to-research.md,,"84"
453,ä¸œäº¬,ä¸œäº¬,./t/tokyo.md,,"180"
454,æ¡åº,æ¡åº,./t/tonglu.md,,"458"
455,ä¿¡æ¯ç®¡ç†å·¥å…·é€‰æ‹©,ä¿¡æ¯ç®¡ç†å·¥å…·é€‰æ‹©,./t/tools.md,,"963"
456,ä¿¡æ¯ç®¡ç†çš„é¡¶çº§åˆ†ç±»,ä¿¡æ¯ç®¡ç†çš„é¡¶çº§åˆ†ç±»,./t/top-classify.md,,"285"
457,ã€Šèµ°å‘å…±å’Œã€‹,ã€Šèµ°å‘å…±å’Œã€‹,./t/toward-a-republic.md,suggestion,"1,876"
458,TPF(æŠ€æœ¯/äº§å“å¥‘åˆåº¦),TPF(æŠ€æœ¯/äº§å“å¥‘åˆåº¦),./t/tpf.md,,"378"
459,è¶Šé‡è·‘,è¶Šé‡è·‘,./t/trail-running.md,,"263"
460,N/A,N/A,./t/transform.md,,"0"
461,ç¿»è¯‘,ç¿»è¯‘,./t/translate.md,,"17"
462,æ—…è¡Œè€…,æ—…è¡Œè€…,./t/traveller.md,,"97"
463,æ²»ç–—,æ²»ç–—,./t/treatment.md,,"145"
464,ä¸‰è„‘æ¨¡å‹,ä¸‰è„‘æ¨¡å‹,./t/triune-brain.md,,"1,098"
465,ã€Šåˆ›ï¼šæˆ˜çºªã€‹,ã€Šåˆ›ï¼šæˆ˜çºªã€‹,./t/tron-legacy.md,movie,"78"
466,ä¿¡ä»»,ä¿¡ä»»,./t/trust.md,,"38"
467,Text to Speech,Text to Speech,./t/tts.md,,"96"
468,TutorAI,TutorAI,./t/tutorai.md,,"115"
469,twenty,twenty,./t/twenty.md,,"142"
470,ä¸¤è¡Œå†™åœ¨æ³¥åœŸä¸Šçš„å­—,ä¸¤è¡Œå†™åœ¨æ³¥åœŸä¸Šçš„å­—,./t/two-sentences-on-the-soil.md,,"127"
471,Typebot,Typebot,./t/typebot.md,open-source,"354"
472,UI ç»„ä»¶,UI ç»„ä»¶,./u/ui.md,,"80"
473,UIVerse,UIVerse,./u/uiverse.md,,"283"
474,å—‘å”å—‘åŠ¨ç‰©,å—‘å”å—‘åŠ¨ç‰©,./u/uncle-ke-ke-animals.md,,"32"
475,ä¸‰è±é“…ç¬”,ä¸‰è±é“…ç¬”,./u/uni.md,"suggestion,","298"
476,Unifying RAG and long context LLMs,Unifying RAG and long context LLMs,./u/unifying-rag-and-long-context-LLMs.md,,"288"
477,ç¯çƒå½±åŸ,ç¯çƒå½±åŸ,./u/universal.md,,"45"
478,æœªæ•´ç†,æœªæ•´ç†,./u/unsort.md,,"256"
479,\@use-gesture,\@use-gesture,./u/use-gesture.md,,"406"
480,ç”¨æˆ·ç”»åƒ,ç”¨æˆ·ç”»åƒ,./u/user-portrait.md,,"63"
481,ç”¨æˆ·,ç”¨æˆ·,./u/user.md,,"49"
482,V0,æ ¹æ®è‡ªç„¶è¯­è¨€ç”Ÿæˆä»£ç ,./v/v0.md,AI,"96"
483,å‘é‡æ•°æ®åº“,å‘é‡æ•°æ®åº“,./v/vector-db.md,,"51"
484,Vision Pro,Vision Pro,./v/vision-pro.md,,"37"
485,è§†è§‰,è§†è§‰,./v/vision.md,,"192"
486,å¯è§†åŒ–,å¯è§†åŒ–,./v/visualization.md,,"51"
487,VR ç›¸å…³çš„,VR ç›¸å…³çš„,./v/vr-related.md,,"164"
488,VS Code æ’ä»¶,VS Code æ’ä»¶,./v/vs-code-plugins.md,,"467"
489,Vue,Vue,./v/vue.md,,"24"
490,ç‹æ…§æ–‡æ¸…åäº§å“è¯¾,ç‹æ…§æ–‡æ¸…åäº§å“è¯¾,./w/wanghuiwen.md,,"23"
491,æƒ³è¦çŸ¥é“çš„åˆ—è¡¨,æƒ³è¦çŸ¥é“çš„åˆ—è¡¨,./w/want-to-know-list.md,,"88"
492,ã€Šæˆ‘ä»¬éƒ½æ˜¯å¥½å­©å­ã€‹,"æè¿°äº†å­©ç«¥æ—¶ä»£çš„æ— å¿§æ— è™‘, å¾ˆçœŸ",./w/we-are-all-good-children.md,song,"96"
493,å¦‚ä½•è·å–è´¢å¯Œï¼Ÿ,å¦‚ä½•è·å–è´¢å¯Œï¼Ÿ,./w/wealth.md,,"335"
494,è§£å†³é—®é¢˜çš„æ–¹æ³•,è§£å†³é—®é¢˜çš„æ–¹æ³•,./w/what's-the-way-to-solve-problem.md,,"49"
495,ã€Šå“²å­¦å®¶ä»¬éƒ½å¹²äº†äº›ä»€ä¹ˆï¼Ÿã€‹,ã€Šå“²å­¦å®¶ä»¬éƒ½å¹²äº†äº›ä»€ä¹ˆï¼Ÿã€‹,./w/what-did-philosophers-do.md,"suggestion, book","671"
496,ä»€ä¹ˆæ˜¯å¥½æ–‡ç« ,ä»€ä¹ˆæ˜¯å¥½æ–‡ç« ,./w/what-is-good-article.md,,"425"
497,ã€Šä½ æƒ³æ´»å‡ºæ€æ ·çš„äººç”Ÿã€‹,ã€Šä½ æƒ³æ´»å‡ºæ€æ ·çš„äººç”Ÿã€‹,./w/what-life-do-you-like.md,"movie, animation","611"
498,è®°å½•ä»€ä¹ˆ,è®°å½•ä»€ä¹ˆ,./w/what-to-record.md,,"225"
499,ã€Šé±¼ä¸å­˜åœ¨ã€‹,ã€Šé±¼ä¸å­˜åœ¨ã€‹,./w/why-fish-don't-exixt.md,book,"931"
500,äººä¸ºä»€ä¹ˆå®¹æ˜“æœ‰æ¶ˆææƒ…ç»ªï¼Ÿ,äººä¸ºä»€ä¹ˆå®¹æ˜“æœ‰æ¶ˆææƒ…ç»ªï¼Ÿ,./w/why-tend-to-have-nagative-mood.md,,"278"
501,Wikilinks,Wikilinks,./w/wikilinks.md,knowledge management,"536"
502,å†¬å¤©,å†¬å¤©,./w/winter.md,,"49"
503,WorkOS,WorkOS,./w/workos.md,BaaS,"234"
504,Writer,Writer,./w/writer.md,,"914"
505,Writesonic,Writesonic,./w/writesonic.md,,"137"
506,ç”¨ Dessix ç”Ÿæˆå°å­¦ç”Ÿä¼˜ç§€ä½œæ–‡èŒƒä¾‹,ç”¨ Dessix ç”Ÿæˆå°å­¦ç”Ÿä¼˜ç§€ä½œæ–‡èŒƒä¾‹,./w/writing-for-primary-school-by-dessix.md,,"999"
507,ç”¨ Dessix æ ¹æ®è‡ªå·±çš„ç´ ææ¥å†™ä½œ,ç”¨ Dessix æ ¹æ®è‡ªå·±çš„ç´ ææ¥å†™ä½œ,./w/writing-use-context-by-dessix.md,,"620"
508,å†™ä½œ,å†™ä½œ,./w/writing.md,,"289"
509,å°é¹,å°é¹,./x/xiaopeng.md,,"116"
510,æ˜Ÿäº‘å¤§å¸ˆ,æ˜Ÿäº‘å¤§å¸ˆ,./x/xingyue.md,,"20"
511,ã€Šä½ æ˜¯ä½ åƒå‡ºæ¥çš„2ã€‹,ã€Šä½ æ˜¯ä½ åƒå‡ºæ¥çš„2ã€‹,./y/you-are-what-you-eat-2.md,health,"1,620"
512,ä¿å†›äº§å“æ–¹æ³•è®º,ä¿å†›äº§å“æ–¹æ³•è®º,./y/yujun.md,,"121"
513,Zapier,Zapier,./z/zapier.md,,"48"
514,ç¦…ä¿®,ç¦…ä¿®,./z/zen-meditation.md,,"48"
515,å¢æ›¼å¡ç‰‡ç›’ç¬”è®°æ³•,å¢æ›¼å¡ç‰‡ç›’ç¬”è®°æ³•,./z/zettelkasten-method.md,,"255"
516,ã€Šç–¯ç‹‚åŠ¨ç‰©åŸã€‹,ã€Šç–¯ç‹‚åŠ¨ç‰©åŸã€‹,./z/zootopia.md,movie,"122"