No,Title,Description,Filename,Tags,ContentLength
1,AI2 Reasoning Challenge,a set of grade-school science questions,AI2-reasoning-challenge.md,AI,"456"
2,ã€Šäººç±»ç®€å²ã€‹,ã€Šäººç±»ç®€å²ã€‹,[a-brief-history-of-humankind.md](./a/a-brief-history-of-humankind.md),"history, suggestion","493"
3,ã€Šå¦‚æ¢¦ä¹‹æ¢¦ã€‹,ã€Šå¦‚æ¢¦ä¹‹æ¢¦ã€‹,a-dreamy-dream.md,drama,"447"
4,A Survey on Retrieval-Augmented Text Generation for Large Language Models,A Survey on Retrieval-Augmented Text Generation for Large Language Models,a-survey-on-rag-for-llm.md,AI,"287"
5,ç”°å¾„ A1ç±»èµ›äº‹,"è¿åŠ¨, é©¬æ‹‰æ¾",a1-competion.md,sport,"249"
6,AAARR æµ·ç›—æŒ‡æ ‡,AAARR æµ·ç›—æŒ‡æ ‡,aarrr.md,marketing,"886"
7,è¡¡é‡åŸå¸‚,è¡¡é‡åŸå¸‚,about-city.md,city,"302"
8,è®©äººä¸Šç˜¾çš„å¤šå·´èƒº,è®©äººä¸Šç˜¾çš„å¤šå·´èƒº,addictive-dopamine.md,life science,"639"
9,ç®¡ç†åå°æ¨¡ç‰ˆè°ƒç ”,ç®¡ç†åå°æ¨¡ç‰ˆè°ƒç ”,admin-template-anylsis.md,develop,"1,014"
10,AFFiNE,"AFFiNE is a workspace with fully merged docs, whiteboards and databases",affine.md,"open source, tools","341"
11,Agent,Agent,agent.md,AI,"864"
12,AI åº”ç”¨,AI åº”ç”¨,ai-app.md,AI,"1,360"
13,AI Pin,AI Pin,ai-pin.md,"AI, wearable","127"
14,AI UI ç»„ä»¶åº“é›†åˆ,AI UI ç»„ä»¶åº“é›†åˆ,ai-ui-libs.md,AI,"114"
15,AI,æä¾›æ‰§è¡Œå¤æ‚ä»»åŠ¡çš„æœåŠ¡,ai.md,AI,"9,216"
16,AirOps,AirOps,airops.md,"AI, workflow","424"
17,AirTable,Database + Excel. ç±»ä¼¼é£ä¹¦çš„å¤šç»´è¡¨æ ¼,airtable.md,tools,"234"
18,Alan Chan,Heptabase åˆ›å§‹äºº,alan-chan.md,people,"1,319"
19,äºšé©¬é€Šå·¥ä½œæ³•,å¢é•¿é£è½®å’Œé€†å‘å·¥ä½œæ³•,amazon-work-method.md,effective,"638"
20,æä»æ ¸,äº§ç”Ÿæƒ…ç»ªå’Œè°ƒèŠ‚å†…è„æ´»åŠ¨,amygdala.md,life science,"748"
21,æ•°æ®åˆ†æè½¯ä»¶,æ•°æ®åˆ†æè½¯ä»¶,analysis-tools.md,tools,"80"
22,ã€Šå¦‚ä½•æœ‰æ•ˆå…‹æœæƒ°æ€§ã€‹ - åˆ†æ,ã€Šå¦‚ä½•æœ‰æ•ˆå…‹æœæƒ°æ€§ã€‹ - åˆ†æ,analyze.md,,"658"
23,æ„¤æ€’,æ„¤æ€’,anger.md,,"58"
24,animate.css,animate.css,animate.css.md,frontend,"72"
25,èŠ±é’ç´ ,èŠ±é’ç´ ,anthocyanidin.md,,"217"
26,Are we too busy to enjoy life?,Are we too busy to enjoy life?,are-we-too-busy-to-enjoy-life.md,,"1,745"
27,Astro,"Astro is the web framework for building content-driven websites like blogs, marketing, and e-commerce.",astro.md,"frontend, CMS","1,710"
28,åŸå­åŒ–è®°å½•,åŸå­åŒ–è®°å½•å°±æ˜¯ä¸€æ¡è®°å½•å°±å†™æ¸…æ¥šä¸€ä»¶å°çš„äº‹ã€‚å¾ˆåƒå†™ä»£ç ï¼Œä¸€ä¸ªå‡½æ•°åªåšä¸€ä»¶äº‹ã€‚,atom.md,,"239"
29,Auth0,Auth0,auth0.md,,"69"
30,è‡ªåŠ¨åŒ–,è‡ªåŠ¨åŒ–,automation.md,effective,"118"
31,é¿å…ç†¬å¤œ,é¿å…ç†¬å¤œ,avoid-staying-up.md,health,"52"
32,Awesome LLM WebUIs,Awesome LLM WebUIs,awesome-llm-web-ui.md,AI,"161"
33,BaaS,Backend ad a Service(åç«¯å³æœåŠ¡),baas.md,,"192"
34,Backend Framework,Backend Framework,backend-framework.md,,"79"
35,å¹³è¡¡,å¹³è¡¡,balance.md,,"17"
36,Bard,Bard,bard.md,"AI, LLM","80"
37,èº«ä½“æ˜¯å¦‚ä½•å·¥ä½œçš„,èº«ä½“æ˜¯å¦‚ä½•å·¥ä½œçš„,base.md,,"1,012"
38,ã€Šæ¤ç‰©çš„æˆ˜æ–—ã€‹,ã€Šæ¤ç‰©çš„æˆ˜æ–—ã€‹,battle-of-plants.md,"suggestion, pop science, book","474"
39,è´å¶æ–¯æ¨ç†,è´å¶æ–¯æ¨ç†,bayesian-inference.md,,"947"
40,ä»é˜…è¯»ä¸­è·å–çŸ¥è¯†çš„æœ€å¥½æ–¹å¼,ä»é˜…è¯»ä¸­è·å–çŸ¥è¯†çš„æœ€å¥½æ–¹å¼,best-way-to-acquire-knowledge-from-readings.md,,"358"
41,åè§,åè§,bias.md,,"64"
42,æ¯•æ˜‡,æ¯•æ˜‡,bisheng.md,open-source,"771"
43,ä¹¦,ä¹¦,book.md,,"98"
44,Bookmarks,Bookmarks,bookmarks.md,,"204"
45,ã€Šæ’æ¯’å§ï¼Œå¤§è„‘ã€‹,ã€Šæ’æ¯’å§ï¼Œå¤§è„‘ã€‹,brain-wash.md,,"1,237"
46,ã€Šå†¥æƒ³5åˆ†é’Ÿï¼Œç­‰äºç†Ÿç¡ä¸€å°æ—¶ã€‹,ã€Šå†¥æƒ³5åˆ†é’Ÿï¼Œç­‰äºç†Ÿç¡ä¸€å°æ—¶ã€‹,buddha's-brain.md,,"1,427"
47,ä½›æ•™,ä½›æ•™,buddhism.md,,"930"
48,å»ºç­‘,å»ºç­‘,building.md,,"89"
49,è´Ÿæ‹…,è´Ÿæ‹…,burden.md,,"19"
50,ç»è¥è´·çš„å‘,ç»è¥è´·çš„å‘,business-loan.md,,"1,277"
51,å•†ä¸šæ¨¡å¼,å•†ä¸šæ¨¡å¼,business-model.md,,"54"
52,ComfyUI,ComfyUI,ComfyUI.md,,"228"
53,CaaS,CaaS,caas.md,,"87"
54,ã€Šèœæ ¹è°­ã€‹,ã€Šèœæ ¹è°­ã€‹,caigentan.md,,"483"
55,Canva,Canva,canva.md,,"323"
56,èƒ¶å›Šè®¡åˆ’,èƒ¶å›Šè®¡åˆ’,capsule.md,,"210"
57,è½¦,è½¦,car.md,,"108"
58,åŠ¨ç”»&å¡é€š,åŠ¨ç”»&å¡é€š,cartoon.md,,"431"
59,å› æœ,å› æœ,cause-and-effect.md,,"60"
60,ç»†èƒ,ç»†èƒ,cell.md,,"813"
61,Character.ai,Character.ai,character-ai.md,,"73"
62,ã€Šè¿½æ¢¦èµ¤å­å¿ƒã€‹,å¬ç€è®©äººçƒ­è¡€æ²¸è…¾çš„æ­Œ,chasing-dreams with-a-pure-heart.md,song,"833"
63,ChatBot,ChatBot,chatbot.md,,"558"
64,ChatGPT-API Demo,ChatGPT-API Demo,chatgpt-demo.md,open-source,"443"
65,ChatGPT Next Web,ChatGPT Next Web,chatgpt-next-web.md,open-source,"300"
66,ã€Šæˆéƒ½ã€‹,ã€Šæˆéƒ½ã€‹,chengdu.md,,"453"
67,å¤®ä¼,å¤®ä¼,china-grant-company.md,,"297"
68,ä¸­å›½æ—¶é—´çº¿,ä¸­å›½æ—¶é—´çº¿,china-main-time-line.md,,"720"
69,èŠ¯ç‰‡,èŠ¯ç‰‡,chip.md,,"2,498"
70,ã€ŠæŠ‰æ‹©ã€‹,ã€ŠæŠ‰æ‹©ã€‹,choice.md,,"1,133"
71,Choose optimism,Choose optimism,choose-optimism.md,,"1,276"
72,é€‰æ‹©å·¥å…·,é€‰æ‹©å·¥å…·,choose-tool.md,,"66"
73,å·è™ Chat,å·è™ Chat,chuanhu-ChatGPT.md,open-source,"137"
74,clash-verge-rev,clash-verge-rev,clash-verge-rev.md,,"92"
75,Claude,Claude,claude.md,,"21"
76,Clerk,Clerk,clerk.md,"open-source, BaaS","441"
77,CV å£°éŸ³å…‹éš†å·¥å…·,CV å£°éŸ³å…‹éš†å·¥å…·,clone-voice.md,open-source,"157"
78,äº‘å¹³å°,äº‘å¹³å°,cloud.md,,"36"
79,ä»£ç å¤æ‚åº¦,ä»£ç å¤æ‚åº¦,code-complexity.md,,"70"
80,åå›çš„é²è·¯ä¿®,åå›çš„é²è·¯ä¿®,code-geass.md,animation,"171"
81,å†·ç¬‘è¯,å†·ç¬‘è¯,code-joke.md,,"100"
82,ä»£ç è´¨é‡,ä»£ç è´¨é‡,code-quality.md,coding,"152"
83,ç¼–ç¨‹,ç¼–ç¨‹,coding.md,coding,"330"
84,ååŒ,ååŒ,collaboration.md,effective,"57"
85,å•†ä¸šåœ°äº§,å•†ä¸šåœ°äº§,commercial-estate.md,,"195"
86,ç»„åˆ,ç»„åˆ,composition.md,,"82"
87,è¿æ¥åº”ç”¨çš„è½¯ä»¶,è¿æ¥åº”ç”¨çš„è½¯ä»¶,connect-app.md,,"84"
88,æ¶ˆè´¹ä¸»ä¹‰,æ¶ˆè´¹ä¸»ä¹‰,consumerism.md,,"255"
89,å†…å®¹åˆ›ä½œå’Œç¼–è¾‘,å†…å®¹åˆ›ä½œå’Œç¼–è¾‘,content-generation.md,,"1,053"
90,çŸ¥è¶³,çŸ¥è¶³,contented.md,,"60"
91,é—®é¢˜çš„ç»„æˆ,é—®é¢˜çš„ç»„æˆ,contents-include-in-problem.md,,"20"
92,ã€Šå›šå¾’å¥èº«ã€‹,ã€Šå›šå¾’å¥èº«ã€‹,convict-conditioning.md,,"84"
93,Copilot,Copilot,copilot.md,,"196"
94,copyai,copyai,copyai.md,,"118"
95,æ¨¡å‹,æ¨¡å‹,core.md,,"398"
96,Coze,Coze,coze.md,,"166"
97,åº“é‡Œå—,åº“é‡Œå—,cullinan.md,,"267"
98,Class Variance Authority,Class Variance Authority,cva.md,,"169"
99,æ•°æ®åˆ†æ,æ•°æ®åˆ†æ,data-analysis.md,,"179"
100,data fetching library,data fetching library,data-fetching-library.md,,"133"
101,ç™½æ—¥æ¢¦å²›(Daydream island),ç™½æ—¥æ¢¦å²›(Daydream island),daydream.md,,"271"
102,æ•°æ®åº“,æ•°æ®åº“,db.md,,"100"
103,å¤„ç†è´Ÿé¢æƒ…ç»ª,å¤„ç†è´Ÿé¢æƒ…ç»ª,deal-with-negative-emotions.md,,"46"
104,è§£è—•,è§£è—•,decouple.md,,"181"
105,å®šä¹‰é—®é¢˜,å®šä¹‰é—®é¢˜,define-the-problem.md,,"341"
106,éƒ¨ç½²æ¨¡å‹/æ¨ç†æœåŠ¡çš„å¹³å°,éƒ¨ç½²æ¨¡å‹/æ¨ç†æœåŠ¡çš„å¹³å°,deploy.md,,"119"
107,devv,devv,devv.md,,"64"
108,Dify,Dify,dify.md,open-source,"620"
109,å‘ç°é©±åŠ¨çš„è§„åˆ’,å‘ç°é©±åŠ¨çš„è§„åˆ’,discovery-driven-planning.md,,"567"
110,è¿ªå£«å°¼,è¿ªå£«å°¼,disney.md,,"1,529"
111,ã€Šä¸œèæ‰“å·¥å¦¹ç”Ÿå­˜å®å½•ã€‹,ã€Šä¸œèæ‰“å·¥å¦¹ç”Ÿå­˜å®å½•ã€‹,dongguan-girls-work-record.md,,"388"
112,æˆå‰§,æˆå‰§,drama.md,,"96"
113,æ¢¦æƒ³,æ¢¦æƒ³,dream.md,,"23"
114,å¤šé‚»å›½,å¤šé‚»å›½,duolingguo.md,,"18"
115,dynamicland,dynamicland,dynamicland.md,,"335"
116,ã€Šç©ºè…¹çš„ç¥å¥‡æ²»æ„ˆåŠ›ã€‹,ã€Šç©ºè…¹çš„ç¥å¥‡æ²»æ„ˆåŠ›ã€‹,eat-less.md,,"647"
117,ç»æµ,ç»æµ,economy-1.md,,"2,666"
118,ç»æµ,ç»æµ,economy.md,,"603"
119,æ•™è‚²å’ŒåŸ¹è®­,æ•™è‚²å’ŒåŸ¹è®­,education.md,,"131"
120,æ•ˆç‡å·¥å…·,æ•ˆç‡å·¥å…·,efficiency.md,,"43"
121,å“¥å“¥,å“¥å“¥,elder.md,,"136"
122,å†…å•¡è‚½,å†…å•¡è‚½,endorphins.md,,"250"
123,ä¿æŒæ´»åŠ›çš„ 5 ç§æ–¹æ³•,ä¿æŒæ´»åŠ›çš„ 5 ç§æ–¹æ³•,enegy-managenent.md,,"652"
124,èƒ½æº,èƒ½æº,energy.md,,"83"
125,ç†µå¢,ç†µå¢,entropy-increase.md,,"34"
126,ç†µ,ç†µ,entropy.md,,"101"
127,å¹³ç­‰,å¹³ç­‰,equality.md,,"405"
128,è¿åŠ¨è£…å¤‡,è¿åŠ¨è£…å¤‡,equipment.md,,"751"
129,è¯„ä»·,è¯„ä»·,evaluate-app.md,,"120"
130,äººäººéƒ½èƒ½ç”¨è‹±è¯­,äººäººéƒ½èƒ½ç”¨è‹±è¯­,every-one-can-use-english.md,,"121"
131,å†™çš„å¾ˆå¥½çš„,å†™çš„å¾ˆå¥½çš„,excellent.md,,"302"
132,ç»éªŒ,ç»éªŒ,experience.md,,"258"
133,äº‹å®,äº‹å®,fact.md,,"504"
134,å…¬å¹³,å…¬å¹³,fair.md,,"262"
135,å¸†è½¯,å¸†è½¯,fanruan.md,,"70"
136,favorites,favorites,favorites.md,,"231"
137,ç»„ä»¶åŠŸèƒ½ Checklist,ç»„ä»¶åŠŸèƒ½ Checklist,feature.md,,"188"
138,feedly,feedly,feedly.md,,"290"
139,æœ‰å‹åŠ›æ—¶ï¼Œèº«ä½“ä¼šå‘ç”Ÿäº›äº†ä»€ä¹ˆ,æœ‰å‹åŠ›æ—¶ï¼Œèº«ä½“ä¼šå‘ç”Ÿäº›äº†ä»€ä¹ˆ,feel-stressed-what-happened.md,,"705"
140,é£ä¹¦å¤šç»´è¡¨æ ¼,é£ä¹¦å¤šç»´è¡¨æ ¼,feishu-table.md,suggestion,"479"
141,æœ€å¸¸é—®çš„ 12 ä¸ªé—®é¢˜,æœ€å¸¸é—®çš„ 12 ä¸ªé—®é¢˜,feynman-questions.md,,"260"
142,Fin AI Chatbot,Fin AI Chatbot,fin.md,,"64"
143,æŠ•èµ„,æŠ•èµ„,finance.md,,"216"
144,FIRE æ¨¡å‹,FIRE æ¨¡å‹,fire.md,,"190"
145,FireCrawl,FireCrawl,firecrawl.md,,"375"
146,Fixie,"'Check the price of a stock.',",fixie.md,,"7,323"
147,Floating UI,Floating UI,floating-ui.md,,"160"
148,é£è¡Œ,é£è¡Œ,fly.md,,"106"
149,å¹»æ–¹é‡åŒ–,å¹»æ–¹é‡åŒ–,flyer-quant.md,,"70"
150,Foam,Foam,foam.md,,"143"
151,é£Ÿç‰©è½¬èƒ½é‡,é£Ÿç‰©è½¬èƒ½é‡,food-to-energy.md,,"726"
152,Frame,Frame,frame-ai-glass.md,,"424"
153,AI å¼€å‘æ¡†æ¶,AI å¼€å‘æ¡†æ¶,framework.md,AI,"142"
154,ã€Šè‘¬é€çš„èŠ™è‰è²ã€‹,ã€Šè‘¬é€çš„èŠ™è‰è²ã€‹,frieren-beyond-journey's-end.md,animation,"644"
155,JavaScript Framework,JavaScript Framework,frontend-1.md,,"49"
156,å‰ç«¯åŠ¨ç”»åº“,å‰ç«¯åŠ¨ç”»åº“,frontend-animate.md,,"97"
157,å‰ç«¯å®‰å…¨,å‰ç«¯å®‰å…¨,frontend-security.md,,"417"
158,å‰ç«¯,å‰ç«¯,frontend.md,,"205"
159,Web æ¡†æ¶,Web æ¡†æ¶,full-stack.md,,"194"
160,æœ‰è¶£çš„å†·çŸ¥è¯†,æœ‰è¶£çš„å†·çŸ¥è¯†,funny.md,,"1,029"
161,GummySearch,GummySearch,GummySearch.md,,"94"
162,ã€Šé«˜è¾¾00ã€‹,ã€Šé«˜è¾¾00ã€‹,Gundam-00.md,animation,"411"
163,G2,G2,g2.md,,"59"
164,åšå¼ˆæ€ç»´,åšå¼ˆæ€ç»´,game.md,,"444"
165,Gartner review,Gartner review,gartner-reviews.md,,"89"
166,Gemini,Gemini,gemini.md,,"369"
167,åŸºå› ,åŸºå› ,gene.md,life science,"477"
168,è·å–ä¿¡æ¯,è·å–ä¿¡æ¯,get-info.md,,"111"
169,Github Copilot,Github Copilot,github-copilot.md,,"29"
170,GitHub Treading,GitHub Treading,github-treading.md,,"360"
171,GitLab,GitLab,gitlab.md,open-source,"87"
172,Glass animals,Glass animals,glass-animals.md,,"94"
173,GLM,GLM,glm.md,,"341"
174,å¿§éƒ,å¿§éƒ,gloomy.md,,"29"
175,ã€Šæ§ç³–é©å‘½ã€‹,ã€Šæ§ç³–é©å‘½ã€‹,glucose-revolution.md,,"11,797"
176,ä¼˜ç§€äº§å“ç ”ç©¶,ä¼˜ç§€äº§å“ç ”ç©¶,good-product-research.md,,"221"
177,ç—›é£,ç—›é£,gout.md,health,"568"
178,Gamma,Gamma,gramma.md,,"82"
179,åŒé“¾ç¬”è®°,åŒé“¾ç¬”è®°,graph-database.md,knowledge management,"285"
180,Graph View,Graph View,graph-view.md,knowledge management,"122"
181,è´ªå©ª,è´ªå©ª,greedy.md,,"77"
182,ã€Šäººé—´ä¿®ç‚¼æŒ‡å—ã€‹,ã€Šäººé—´ä¿®ç‚¼æŒ‡å—ã€‹,guide-to-human-cultivation.md,,"116"
183,ã€Šèº«ä½“çš„é—®é¢˜ï¼Œè‚ çŸ¥é“ã€‹,ã€Šèº«ä½“çš„é—®é¢˜ï¼Œè‚ çŸ¥é“ã€‹,gut-renovation.md,,"27"
184,å“ˆè€¶å…‹,å“ˆè€¶å…‹,Hayek.md,,"86"
185,å¹¸ç¦,å¹¸ç¦,hapiness.md,,"1,994"
186,å¹¸ç¦å¤§è¡—,å¹¸ç¦å¤§è¡—,happiness-street.md,,"52"
187,headless UI,headless UI,headless.md,,"105"
188,Heptabase å¸®åŠ©æ–‡æ¡£,Heptabase å¸®åŠ©æ–‡æ¡£,heptabase-wiki.md,,"191"
189,Heptabase,Heptabase,heptabase.md,,"416"
190,å¾’æ­¥,å¾’æ­¥,hiking.md,,"495"
191,å†å²,å†å²,history-1.md,,"167"
192,å†å²,å†å²,history.md,,"1,441"
193,HoloTile,HoloTile,holo-tile.md,,"53"
194,çº¢æ¥¼æ¢¦,çº¢æ¥¼æ¢¦,hongloumeng.md,,"511"
195,å¸Œæœ›,å¸Œæœ›,hope.md,,"17"
196,N/A,N/A,how-an-economy-grows-and-why-it-crashes.md,,"26"
197,å¦‚ä½•åšå¥½å­å¥³çš„æ•™è‚²,å¦‚ä½•åšå¥½å­å¥³çš„æ•™è‚²,how-to-do-get-education.md,,"713"
198,å¦‚ä½•æ‰¾åˆ°äººç”Ÿçš„æ„ä¹‰,å¦‚ä½•æ‰¾åˆ°äººç”Ÿçš„æ„ä¹‰,how-to-find-the-meaning-of-life.md,,"454"
199,å¦‚ä½•è·å–è´¢å¯Œï¼Ÿ,å¦‚ä½•è·å–è´¢å¯Œï¼Ÿ,how-to-get-wealth.md,,"120"
200,å¦‚ä½•å»¶é•¿å¥åº·å¯¿å‘½ï¼Ÿ,å¦‚ä½•å»¶é•¿å¥åº·å¯¿å‘½ï¼Ÿ,how-to-have-a-longer-healthy-life.md,,"962"
201,å¦‚ä½•æå‡åšäº‹çš„æ•ˆç‡ï¼Ÿ,å¦‚ä½•æå‡åšäº‹çš„æ•ˆç‡ï¼Ÿ,how-to-improve-working-efficiency.md,,"207"
202,å¦‚ä½•åšå¥½ä¿¡æ¯ç®¡ç†?,å¦‚ä½•åšå¥½ä¿¡æ¯ç®¡ç†?,how-to-manage-info.md,,"234"
203,Hugging Face,Hugging Face,hugging-face.md,,"28"
204,hume.ai,hume.ai,hume-ai.md,,"236"
205,iPS,iPS,iPS.md,,"929"
206,æƒ³è±¡,æƒ³è±¡,imagination.md,,"137"
207,å‘½ä»¤å¼å’Œå£°æ˜å¼,å‘½ä»¤å¼å’Œå£°æ˜å¼,imperative-and-declarative.md,,"588"
208,ã€Šä¸å®Œç¾å—å®³äººã€‹,ã€Šä¸å®Œç¾å—å®³äººã€‹,imperfect-victim.md,,"109"
209,ä¿¡æ¯è·å–,ä¿¡æ¯è·å–,in.md,,"384"
210,åŸºç¡€è®¾æ–½,åŸºç¡€è®¾æ–½,infra.md,,"317"
211,ç»§æ‰¿,ç»§æ‰¿,inheritance.md,,"17"
212,è¿™æ˜¯ä¸ªé—®é¢˜å—?,è¿™æ˜¯ä¸ªé—®é¢˜å—?,is-this-a-question.md,,"77"
213,Plan by ixigo,Plan by ixigo,ixigo.md,,"88"
214,æ—¥æœ¬å‡†å¤‡,æ—¥æœ¬å‡†å¤‡,japan-plan.md,,"713"
215,æ—¥æœ¬,æ—¥æœ¬,japan.md,,"414"
216,Jasper,Jasper,jasper.md,,"160"
217,å§œæ–‡,å§œæ–‡,jiang-wen.md,,"33"
218,é›†ç®€äº‘,é›†ç®€äº‘,jijianyue.md,,"46"
219,reader,reader,jina-reader.md,,"266"
220,Joey Schweitzer,Joey Schweitzer,joey-schweitzer.md,,"168"
221,ã€Šå¨±ä¹ä¸ºç‹ã€‹,ã€Šå¨±ä¹ä¸ºç‹ã€‹,just-for-fun.md,,"749"
222,å‡¯æ©æ–¯,å‡¯æ©æ–¯,Keynes.md,,"18"
223,ã€Šæ€æ­»æ¯”å°”ã€‹,ã€Šæ€æ­»æ¯”å°”ã€‹,kill-bill.md,,"22"
224,Kinde,Kinde,kinde.md,"open-source, BaaS","91"
225,é£ç­,é£ç­,kite.md,,"381"
226,çŸ¥è¯†ç®¡ç†,çŸ¥è¯†ç®¡ç†,km.md,,"452"
227,çŸ¥è¯†ç®¡ç†,çŸ¥è¯†ç®¡ç†,knowledge-managent.md,,"654"
228,LangChain,LangChain,lanchain.md,open-source,"299"
229,"The Landscape of Emerging AI Agent Architectures for Reasoning, Planning, and Tool Calling","The Landscape of Emerging AI Agent Architectures for Reasoning, Planning, and Tool Calling",landscape-of-ai-agent-architectures-survey.md,,"3,310"
230,Langui,Langui,langui.md,,"467"
231,è‰¯æ¸š,è‰¯æ¸š,liangzhu.md,,"324"
232,ã€Šä¸€ç”Ÿæ‰€çˆ±ã€‹,ã€Šä¸€ç”Ÿæ‰€çˆ±ã€‹,life-long-love.md,,"562"
233,ç”Ÿå‘½ç§‘å­¦,ç”Ÿå‘½ç§‘å­¦,life-science.md,,"109"
234,äº§å“åˆ—è¡¨,äº§å“åˆ—è¡¨,list-1.md,,"2,100"
235,ä¹¦å•,ä¹¦å•,list-2.md,,"1,326"
236,ç°å®åˆ—è¡¨,ç°å®åˆ—è¡¨,list.md,,"74"
237,Llama,Llama,llama.md,,"354"
238,LlamaIndex,LlamaIndex,llamaIndex.md,,"31"
239,LLM,LLM,llm-1.md,,"459"
240,LLM Scraper,LLM Scraper,llm-scraper.md,,"202"
241,LLM,LLM,llm.md,'tech classify schema',"749"
242,Lobe Chat,Lobe Chat,lobe-chat.md,open-source,"231"
243,Logseq,Logseq,logseq.md,open-source,"228"
244,çˆ± æ­»äº¡ æœºå™¨äºº,çˆ± æ­»äº¡ æœºå™¨äºº,love-death-robot.md,,"24"
245,çˆ±,çˆ±,love.md,,"17"
246,äº§å“,äº§å“,make-product.md,,"620"
247,ç”Ÿäº§,ç”Ÿäº§,make.md,,"160"
248,Markdown Preview Enhanced,Markdown Preview Enhanced,markdown-preview-enchanced.md,,"1,302"
249,Markdown Preview Mermaid Support,Markdown Preview Mermaid Support,markdown-preview-mermaid.md,,"767"
250,å¸‚åœºç»æµ,å¸‚åœºç»æµ,market-economy.md,,"262"
251,å¸‚åœº,å¸‚åœº,market.md,,"17"
252,æ„ä¹‰,æ„ä¹‰,meaning.md,,"193"
253,MECE,MECE,mece.md,,"164"
254,è¯ç‰©,è¯ç‰©,medicine.md,,"29"
255,è®°å¿†,è®°å¿†,memory.md,,"17"
256,ä»£è°¢,ä»£è°¢,metabolism.md,,"492"
257,çŸ¥è¯†ç®¡ç†çš„æ–¹æ³•,çŸ¥è¯†ç®¡ç†çš„æ–¹æ³•,methods.md,,"122"
258,ã€Šå¤§æ˜ç‹æœ 1556ã€‹,ã€Šå¤§æ˜ç‹æœ 1556ã€‹,ming-dynasty-in-1566.md,suggestion,"44"
259,ç§‹å¤©çš„æ€€å¿µ,ç§‹å¤©çš„æ€€å¿µ,miss-autumn.md,,"575"
260,ä½¿å‘½,ä½¿å‘½,mission.md,,"17"
261,N/A,N/A,model.md,,"0"
262,N/A,N/A,moe.md,,"0"
263,æƒ…ç»ª,æƒ…ç»ª,mood.md,,"93"
264,Moonshot AI,Moonshot AI,moonshot.md,,"31"
265,ç”µå½±,ç”µå½±,movie.md,,"451"
266,Muse,Muse,muse.md,,"88"
267,ç¾å›½å›½å®¶åœ°ç†,ç¾å›½å›½å®¶åœ°ç†,national-geographic.md,,"94"
268,æ¢ç´¢è‡ªç„¶,æ¢ç´¢è‡ªç„¶,nature-explore.md,,"71"
269,è®°å½•éœ€è¦ç»“æ„åŒ–å—?,è®°å½•éœ€è¦ç»“æ„åŒ–å—?,need-structed.md,,"205"
270,Ness Labs,Ness Labs,ness-labs.md,,"280"
271,ç¥ç»ç§‘å­¦,ç¥ç»ç§‘å­¦,neuroscience.md,,"100"
272,Next.js,Next.js,next.md,,"22"
273,Next.js,Next.js,nextjs.md,,"3,128"
274,Nibble and your appetite will grow,Nibble and your appetite will grow,nibble-and-your-appetite-will-grow.md,,"319"
275,å®æ³¢,å®æ³¢,ningbo.md,,"164"
276,è”šæ¥,è”šæ¥,nio.md,,"718"
277,NLP(è‡ªç„¶è¯­è¨€å¤„ç†),NLP(è‡ªç„¶è¯­è¨€å¤„ç†),nlp.md,,"116"
278,ç¬”è®°ç»„æˆ,ç¬”è®°ç»„æˆ,note.md,,"386"
279,Notion,Notion,notion.md,,"40"
280,NovelAI,NovelAI,novelai.md,,"240"
281,åºå±± - è¯ºé‚£å¡”é™¢,åºå±± - è¯ºé‚£å¡”é™¢,nuoanta.md,,"116"
282,è¥å…»å­¦,è¥å…»å­¦,nutrition.md,,"2,387"
283,Obsidian,Obsidian,obsidian.md,,"451"
284,ã€Šå®˜åœºé…’å±€ã€‹,ã€Šå®˜åœºé…’å±€ã€‹,official-wine-bureau.md,,"604"
285,å¼€æºé¡¹ç›®åˆ†æ,å¼€æºé¡¹ç›®åˆ†æ,open-source.md,,"450"
286,å¼€æ”¾ï¼Œå˜åŒ–ï¼Œå¤šå…ƒçš„å¿ƒæ€,å¼€æ”¾ï¼Œå˜åŒ–ï¼Œå¤šå…ƒçš„å¿ƒæ€,open.md,,"28"
287,OpenSaas,OpenSaas,openSaaS.md,open-source,"293"
288,OpenAI reasoning model,OpenAI reasoning model,openai-gpt.md,,"97"
289,OpenAI,OpenAI,openai.md,,"1,647"
290,OpenCSG,OpenCSG,opencsg.md,,"311"
291,å¯»æ‰¾æœ€ä¼˜è§£è€Œä¸æ˜¯æœ€å¤§åŒ–,å¯»æ‰¾æœ€ä¼˜è§£è€Œä¸æ˜¯æœ€å¤§åŒ–,optimal-rather-than-maximization.md,,"147"
292,ä¹è§‚,ä¹è§‚,optimism.md,,"17"
293,å™¨å®˜,å™¨å®˜,organ.md,,"633"
294,æ•´ç†,æ•´ç†,orgnize.md,,"802"
295,ã€Šå¦‚ä½•æœ‰æ•ˆå…‹æœæƒ°æ€§ã€‹,ã€Šå¦‚ä½•æœ‰æ•ˆå…‹æœæƒ°æ€§ã€‹,origin.md,,"1,830"
296,å…¶ä»–,å…¶ä»–,other.md,,"186"
297,ã€Šè¶…è¶Šç™¾å²ã€‹,ã€Šè¶…è¶Šç™¾å²ã€‹,outlive.md,,"3,281"
298,ä¿¡æ¯ç®¡ç†,ä¿¡æ¯ç®¡ç†,overview.md,,"735"
299,PaaS,PaaS,paas.md,,"80"
300,å½­æµ©ç¿”,å½­æµ©ç¿”,pang-ho-cheung.md,,"34"
301,æ¿€æƒ…,æ¿€æƒ…,passion.md,,"17"
302,Pendant,Pendant,pendant.md,"AI, wearable","646"
303,äºº,äºº,people-1.md,,"482"
304,äºº,äºº,people.md,,"77"
305,Perplexity,Perplexity,perplexity.md,,"97"
306,æ‚²è§‚,æ‚²è§‚,pessimism.md,,"637"
307,Pico,Pico,pico.md,,"58"
308,Pinecone,Pinecone,pinecone.md,,"23"
309,è®¡åˆ’ç»æµ,è®¡åˆ’ç»æµ,planned-economy.md,,"19"
310,VSCODE æ’ä»¶,VSCODE æ’ä»¶,plugins.md,,"362"
311,PMF(äº§å“/å¸‚åœºå¥‘åˆåº¦),PMF(äº§å“/å¸‚åœºå¥‘åˆåº¦),pmf.md,,"118"
312,è¯—æ­Œ,è¯—æ­Œ,poem.md,,"108"
313,æ”¿æ²»,æ”¿æ²»,politics.md,,"126"
314,æ­£å¾ªç¯,æ­£å¾ªç¯,positive-cycle.md,,"69"
315,ã€Šæ­£é¢ç®¡æ•™ã€‹,ã€Šæ­£é¢ç®¡æ•™ã€‹,positive-discipine.md,,"274"
316,æ­£å‘åé¦ˆ,æ­£å‘åé¦ˆ,positive-feedback.md,,"19"
317,ç§¯æå¿ƒç†å­¦,ç§¯æå¿ƒç†å­¦,positive-psychology.md,,"222"
318,å¯é¢„æµ‹,å¯é¢„æµ‹,predictable.md,,"18"
319,ä¼˜å…ˆé€‰æ‹©åˆ†ç±»è¿˜æ˜¯æ ‡ç­¾,ä¼˜å…ˆé€‰æ‹©åˆ†ç±»è¿˜æ˜¯æ ‡ç­¾,prefer-classify-or-tag.md,,"394"
320,æ§åˆ¶æƒ…ç»ªçš„å‰é¢å¶çš®è´¨,æ§åˆ¶æƒ…ç»ªçš„å‰é¢å¶çš®è´¨,prefrontal-cortex.md,,"926"
321,æ•°æ®å‘ˆç°,æ•°æ®å‘ˆç°,presentation.md,,"152"
322,æ¦‚ç‡,æ¦‚ç‡,probability.md,,"17"
323,é—®é¢˜,é—®é¢˜,problem-1.md,,"643"
324,é—®é¢˜,é—®é¢˜,problem.md,,"301"
325,äº§å“ Schema,äº§å“ Schema,product-1.md,,"94"
326,äº§å“,äº§å“,product-2.md,,"36"
327,Product Hunt,Product Hunt,product-hunt.md,,"153"
328,äº§å“,äº§å“,product.md,,"37"
329,ç¼–ç¨‹é€»è¾‘å¯è§†åŒ–,ç¼–ç¨‹é€»è¾‘å¯è§†åŒ–,programming.md,open-source,"296"
330,Prompt å·¥ç¨‹,Prompt å·¥ç¨‹,prompt-engineer.md,,"25"
331,æ•£æ–‡,æ•£æ–‡,prose.md,,"223"
332,Publer AI Assist,Publer AI Assist,publer.md,,"108"
333,è¿½å¯»,è¿½å¯»,pursue.md,,"203"
334,ã€Šé‡å­å¤§å” å—‘ã€‹,ã€Šé‡å­å¤§å” å—‘ã€‹,quantum-dialog.md,,"89"
335,Quartz,Quartz,quartz.md,,"464"
336,Questgen,Questgen,questgen.md,open-source,"204"
337,QuillBot,QuillBot,quillbot.md,,"23"
338,Quizlet,Quizlet,quizlet.md,,"671"
339,Rabbit R1,Rabbit R1,rabbit-r1.md,,"674"
340,Radix Vue,Radix Vue,radix-vue.md,,"108"
341,Radix,Radix,radix.md,,"1,408"
342,RAG,RAG,rag.md,,"3,183"
343,Rath,Rath,rath.md,open-source,"195"
344,React,React,react-1.md,,"87"
345,React component,React component,react-componet.md,,"130"
346,React Spring,React Spring,react-spring.md,,"244"
347,React,React,react.md,,"1,538"
348,è¯»é¦–è¯—å†ç¡è§‰,è¯»é¦–è¯—å†ç¡è§‰,read-a-poem-before-sleep.md,,"26"
349,é˜…è¯»,é˜…è¯»,reading.md,,"17"
350,æ€ä¹ˆç®—æ˜¯æŒæ¡äº†çŸ¥è¯†,æ€ä¹ˆç®—æ˜¯æŒæ¡äº†çŸ¥è¯†,readmd-1.md,,"68"
351,è¿åŠ¨,è¿åŠ¨,readmd-2.md,,"612"
352,æ•°æ®å­˜å‚¨,æ•°æ®å­˜å‚¨,readmd.md,,"123"
353,æˆ¿å­,æˆ¿å­,reamde.md,,"308"
354,æ¨ç†èƒ½åŠ›,æ¨ç†èƒ½åŠ›,reasoning.md,,"19"
355,ReByte,ReByte,rebyte.md,,"874"
356,Recall,Recall,recall.md,,"471"
357,ã€Šå‰‘é›¨ã€‹,ã€Šå‰‘é›¨ã€‹,reign-of-assassins.md,,"1,082"
358,Relative Path,Relative Path,relative-path.md,,"170"
359,æ”¾æ¾,æ”¾æ¾,relax-1.md,,"52"
360,æ”¾æ¾,æ”¾æ¾,relax.md,,"17"
361,Relika,Relika,relika.md,,"48"
362,Remix,Remix,remix.md,,"394"
363,remove bg,remove bg,remove-bg.md,,"109"
364,Replicate,Replicate,replicate.md,,"24"
365,Resend,Resend,resend.md,BaaS,"621"
366,ã€Šé‡å¡‘è¶…çº§å¤§è„‘ã€‹,ã€Šé‡å¡‘è¶…çº§å¤§è„‘ã€‹,reshaping-the-super-brain.md,,"1,145"
367,å­¦ä¹ èµ„æº,å­¦ä¹ èµ„æº,resource-1.md,,"122"
368,èµ„æº,èµ„æº,resource-2.md,,"290"
369,èµ„æº,èµ„æº,resource.md,,"945"
370,ä¼‘æ¯,ä¼‘æ¯,rest.md,,"71"
371,Roam,Roam,roam.md,"knowledge management, tools","849"
372,åŠ³æ–¯è±æ–¯,åŠ³æ–¯è±æ–¯,rolls-royce.md,,"42"
373,æµªæ¼«ä¸»ä¹‰,æµªæ¼«ä¸»ä¹‰,romanticism.md,,"299"
374,N/A,N/A,route-todo.md,,"263"
375,Runway,Runway,runway.md,,"335"
376,SaaS,SaaS,saas-1.md,,"93"
377,SaaS,SaaS,saas.md,,"42"
378,å®‰å…¨,å®‰å…¨,safe.md,,"120"
379,é”€å”®,é”€å”®,sale.md,,"321"
380,åœ£æ‰˜é‡Œå°¼å²›,åœ£æ‰˜é‡Œå°¼å²›,santorini.md,,"147"
381,ä¸‰äºš,ä¸‰äºš,sanya.md,,"709"
382,åœºæ™¯,åœºæ™¯,scenario-1.md,,"325"
383,AI åœºæ™¯,AI åœºæ™¯,scenario-2.md,,"208"
384,åœºæ™¯,åœºæ™¯,scenario.md,,"66"
385,Tech Schema,Tech Schema,schema-1.md,,"273"
386,æ¨¡å‹ Schema,æ¨¡å‹ Schema,schema.md,,"83"
387,ç§‘å­¦æ–¹æ³•,ç§‘å­¦æ–¹æ³•,science-1.md,,"807"
388,ç§‘å­¦,ç§‘å­¦,science.md,,"314"
389,æµ·,æµ·,sea.md,,"100"
390,AI æœç´¢,AI æœç´¢,search.md,,"402"
391,æš—æ‹æ¡ƒèŠ±æº,æš—æ‹æ¡ƒèŠ±æº,secret-love-and-heavenly-place.md,,"68"
392,Semantic Scholar,Semantic Scholar,semantic-scholar.md,,"133"
393,è°ƒèŠ‚æƒ…ç»ªçš„è¡€æ¸…ç´ ,è°ƒèŠ‚æƒ…ç»ªçš„è¡€æ¸…ç´ ,serotonin-for-mood-regulation.md,,"432"
394,shadcn/ui,shadcn/ui,shadcn.md,open-source,"375"
395,è‚¾,è‚¾,shen.md,,"61"
396,ç®€åŒ–,ç®€åŒ–,simplify.md,,"116"
397,å•ä¸€èŒè´£,å•ä¸€èŒè´£,single-responsibility.md,,"175"
398,ç½‘ç«™æµé‡åˆ†æ,ç½‘ç«™æµé‡åˆ†æ,site.md,,"34"
399,ç»æµæƒ…å†µ,ç»æµæƒ…å†µ,situation.md,,"57"
400,å°å“,å°å“,sketch.md,,"197"
401,èƒ½åŠ›,èƒ½åŠ›,skill.md,,"81"
402,æ…¢å……,æ…¢å……,slow-rechange.md,,"194"
403,ä»£ç ç‰‡æ®µ,ä»£ç ç‰‡æ®µ,snippents.md,,"45"
404,è½¯ä»¶å·¥ç¨‹,è½¯ä»¶å·¥ç¨‹,soft-engineering.md,,"206"
405,æœåŠ¡,æœåŠ¡,solution.md,,"66"
406,è§£å†³é—®é¢˜,è§£å†³é—®é¢˜,solve-problem.md,,"37"
407,æ­Œ,æ­Œ,song.md,,"115"
408,N/A,N/A,sop.md,,"0"
409,Source,Source,source.md,,"340"
410,è¿åŠ¨çš„å¥½å¤„,è¿åŠ¨çš„å¥½å¤„,sport-benefits.md,sport,"579"
411,Stability.ai,Stability.ai,stability-ai.md,,"105"
412,èµ–å£°å·,èµ–å£°å·,stan-lai.md,,"309"
413,Pitch Generator,Pitch Generator,startup-pitch-generator-tally.md,,"582"
414,N/A,N/A,state-manage.md,,"282"
415,ã€Šå·é¦™ã€‹,ã€Šå·é¦™ã€‹,steal-fragrance.md,,"659"
416,å­™ç‡•å§¿,å­™ç‡•å§¿,stefanie-sun.md,,"47"
417,Steph Ango,Steph Ango,steph-ango.md,,"530"
418,Strapi,Strapi,strapi.md,open-source,"244"
419,Stripe,Stripe,stripe.md,,"1,393"
420,æ€»ç»“èƒ½åŠ›,æ€»ç»“èƒ½åŠ›,summary.md,,"22"
421,supabase,supabase,supabase.md,open-source,"285"
422,TinyWow,"We offer PDF, video, image and other online tools to make your life easier",TinyWow.md,"suggestion, tools","323"
423,tailwind-merge,tailwind-merge,tailwind-merge.md,suggestion,"358"
424,ã€Šæš—æ²³ä¼ ã€‹,ã€Šæš—æ²³ä¼ ã€‹,tales-fo-dark-river.md,,"205"
425,TanStack Query,TanStack Query,tanstack-query.md,,"663"
426,TanStack,TanStack,tanstack.md,,"306"
427,èŒ¶é©¬å¤é“,èŒ¶é©¬å¤é“,tea-hourse.md,,"90"
428,æŠ€æœ¯,æŠ€æœ¯,tech-1.md,,"422"
429,AI æŠ€æœ¯,AI æŠ€æœ¯,tech-2.md,,"174"
430,æŠ€æœ¯,æŠ€æœ¯,tech-3.md,,"119"
431,æŠ€æœ¯,æŠ€æœ¯,tech.md,,"914"
432,æŠ€æœ¯çš„æ¶Ÿæ¼ªæ•ˆåº”ï¼šRAGä¸Long Contextçš„è®¤çŸ¥å†²çª,æŠ€æœ¯çš„æ¶Ÿæ¼ªæ•ˆåº”ï¼šRAGä¸Long Contextçš„è®¤çŸ¥å†²çª,technological-ripple-effect-rag-and-long-context-cognitive-conflict.md,,"631"
433,ç‰¹æ–¯æ‹‰,ç‰¹æ–¯æ‹‰,tesla.md,,"258"
434,ã€Šçº³ç“¦å°”å®å…¸ã€‹,ã€Šçº³ç“¦å°”å®å…¸ã€‹,the-almanack-of-naval-ravikant.md,,"2,263"
435,The doors,The doors,the-doors.md,band,"116"
436,äººç”Ÿçš„æ„ä¹‰,äººç”Ÿçš„æ„ä¹‰,the-meaning-of-life.md,,"187"
437,ã€Šå¤§æ¸…ç›å•†ã€‹,ã€Šå¤§æ¸…ç›å•†ã€‹,the-merchants-of-qing-dynasty.md,"history, series","698"
438,ã€Šç–¯ç‹‚çš„å°¿é…¸ã€‹,ã€Šç–¯ç‹‚çš„å°¿é…¸ã€‹,the-surprising-new-science-of-uric-cid.md,health,"3,619"
439,The Verge,The Verge,the-verge.md,suggestion,"229"
440,ã€Šæ˜¨æ—¥ä¹‹å‰çš„ä¸–ç•Œã€‹,ã€Šæ˜¨æ—¥ä¹‹å‰çš„ä¸–ç•Œã€‹,the-world-until-yesterday.md,"history, book","61"
441,ä¸»é¢˜å…¬å›­,ä¸»é¢˜å…¬å›­,theme-park.md,travel,"85"
442,è€ƒè™‘æ¸…æ¥šè¦è§£å†³ä»€ä¹ˆé—®é¢˜åå†è¡ŒåŠ¨,è€ƒè™‘æ¸…æ¥šè¦è§£å†³ä»€ä¹ˆé—®é¢˜åå†è¡ŒåŠ¨,think-clearly-to-solve-which-problem-before-action.md,,"107"
443,ThoughtWorks æŠ€æœ¯é›·è¾¾,ThoughtWorks æŠ€æœ¯é›·è¾¾,thoughtworks-radar.md,suggestion,"1,017"
444,æ—¶é—´çº¿,æ—¶é—´çº¿,time-line.md,history,"246"
445,ğŸªœ,ğŸªœ,tizi.md,,"135"
446,tldraw VSCode Plugin,tldraw VSCode Plugin,tldraw.md,,"171"
447,å¾…ç ”ç©¶,å¾…ç ”ç©¶,to-research.md,,"85"
448,ä¸œäº¬,ä¸œäº¬,tokyo.md,,"180"
449,æ¡åº,æ¡åº,tonglu.md,,"458"
450,ä¿¡æ¯ç®¡ç†å·¥å…·é€‰æ‹©,ä¿¡æ¯ç®¡ç†å·¥å…·é€‰æ‹©,tools.md,,"1,108"
451,ä¿¡æ¯ç®¡ç†çš„é¡¶çº§åˆ†ç±»,ä¿¡æ¯ç®¡ç†çš„é¡¶çº§åˆ†ç±»,top-classify.md,,"285"
452,ã€Šèµ°å‘å…±å’Œã€‹,ã€Šèµ°å‘å…±å’Œã€‹,toward-a-republic.md,suggestion,"1,876"
453,TPF(æŠ€æœ¯/äº§å“å¥‘åˆåº¦),TPF(æŠ€æœ¯/äº§å“å¥‘åˆåº¦),tpf.md,,"378"
454,è¶Šé‡è·‘,è¶Šé‡è·‘,trail-running.md,,"263"
455,N/A,N/A,transform.md,,"0"
456,ç¿»è¯‘,ç¿»è¯‘,translate.md,,"17"
457,æ—…è¡Œè€…,æ—…è¡Œè€…,traveller.md,,"97"
458,æ²»ç–—,æ²»ç–—,treatment.md,,"145"
459,ä¸‰è„‘æ¨¡å‹,ä¸‰è„‘æ¨¡å‹,triune-brain.md,,"1,098"
460,ã€Šåˆ›ï¼šæˆ˜çºªã€‹,ã€Šåˆ›ï¼šæˆ˜çºªã€‹,tron-legacy.md,,"103"
461,ä¿¡ä»»,ä¿¡ä»»,trust.md,,"38"
462,Text to Speech,Text to Speech,tts.md,,"96"
463,TutorAI,TutorAI,tutorai.md,,"115"
464,twenty,twenty,twenty.md,,"142"
465,ä¸¤è¡Œå†™åœ¨æ³¥åœŸä¸Šçš„å­—,ä¸¤è¡Œå†™åœ¨æ³¥åœŸä¸Šçš„å­—,two-sentences-on-the-soil.md,,"127"
466,Typebot,Typebot,typebot.md,open-source,"397"
467,UI ç»„ä»¶,UI ç»„ä»¶,ui.md,,"86"
468,UIVerse,UIVerse,uiverse.md,,"283"
469,å—‘å”å—‘åŠ¨ç‰©,å—‘å”å—‘åŠ¨ç‰©,uncle-ke-ke-animals.md,,"32"
470,Unifying RAG and long context LLMs,Unifying RAG and long context LLMs,unifying-rag-and-long-context-LLMs.md,,"288"
471,ç¯çƒå½±åŸ,ç¯çƒå½±åŸ,universal.md,,"45"
472,æœªæ•´ç†,æœªæ•´ç†,unsort.md,,"276"
473,\@use-gesture,\@use-gesture,use-gesture.md,,"412"
474,ç”¨æˆ·ç”»åƒ,ç”¨æˆ·ç”»åƒ,user-portrait.md,,"60"
475,ç”¨æˆ·,ç”¨æˆ·,user.md,,"53"
476,V0,æ ¹æ®è‡ªç„¶è¯­è¨€ç”Ÿæˆä»£ç ,v0.md,AI,"96"
477,å‘é‡æ•°æ®åº“,å‘é‡æ•°æ®åº“,vector-db.md,,"48"
478,Vision Pro,Vision Pro,vision-pro.md,,"37"
479,è§†è§‰,è§†è§‰,vision.md,,"192"
480,å¯è§†åŒ–,å¯è§†åŒ–,visualization.md,,"48"
481,VR ç›¸å…³çš„,VR ç›¸å…³çš„,vr-related.md,,"138"
482,VS Code æ’ä»¶,VS Code æ’ä»¶,vs-code-plugins.md,,"467"
483,Vue,Vue,vue.md,,"24"
484,ç‹æ…§æ–‡æ¸…åäº§å“è¯¾,ç‹æ…§æ–‡æ¸…åäº§å“è¯¾,wanghuiwen.md,,"23"
485,æƒ³è¦çŸ¥é“çš„åˆ—è¡¨,æƒ³è¦çŸ¥é“çš„åˆ—è¡¨,want-to-know-list.md,,"88"
486,ã€Šæˆ‘ä»¬éƒ½æ˜¯å¥½å­©å­ã€‹,"æè¿°äº†å­©ç«¥æ—¶ä»£çš„æ— å¿§æ— è™‘, å¾ˆçœŸ",we-are-all-good-children.md,song,"96"
487,å¦‚ä½•è·å–è´¢å¯Œï¼Ÿ,å¦‚ä½•è·å–è´¢å¯Œï¼Ÿ,wealth.md,,"351"
488,è§£å†³é—®é¢˜çš„æ–¹æ³•,è§£å†³é—®é¢˜çš„æ–¹æ³•,what's-the-way-to-solve-problem.md,,"49"
489,ã€Šå“²å­¦å®¶ä»¬éƒ½å¹²äº†äº›ä»€ä¹ˆï¼Ÿã€‹,ã€Šå“²å­¦å®¶ä»¬éƒ½å¹²äº†äº›ä»€ä¹ˆï¼Ÿã€‹,what-did-philosophers-do.md,"suggestion, book","671"
490,ä»€ä¹ˆæ˜¯å¥½æ–‡ç« ,ä»€ä¹ˆæ˜¯å¥½æ–‡ç« ,what-is-good-article.md,,"425"
491,ã€Šä½ æƒ³æ´»å‡ºæ€æ ·çš„äººç”Ÿã€‹,ã€Šä½ æƒ³æ´»å‡ºæ€æ ·çš„äººç”Ÿã€‹,what-life-do-you-like.md,"movie, animation","611"
492,è®°å½•ä»€ä¹ˆ,è®°å½•ä»€ä¹ˆ,what-to-record.md,,"225"
493,ã€Šé±¼ä¸å­˜åœ¨ã€‹,ã€Šé±¼ä¸å­˜åœ¨ã€‹,why-fish-don't-exixt.md,book,"931"
494,äººä¸ºä»€ä¹ˆå®¹æ˜“æœ‰æ¶ˆææƒ…ç»ªï¼Ÿ,äººä¸ºä»€ä¹ˆå®¹æ˜“æœ‰æ¶ˆææƒ…ç»ªï¼Ÿ,why-tend-to-have-nagative-mood.md,,"278"
495,Wikilinks,Wikilinks,wikilinks.md,knowledge management,"536"
496,å†¬å¤©,å†¬å¤©,winter.md,,"49"
497,WorkOS,WorkOS,workos.md,BaaS,"234"
498,Writer,Writer,writer.md,,"914"
499,Writesonic,Writesonic,writesonic.md,,"137"
500,å†™ä½œ,å†™ä½œ,writing.md,,"309"
501,å°é¹,å°é¹,xiaopeng.md,,"116"
502,æ˜Ÿäº‘å¤§å¸ˆ,æ˜Ÿäº‘å¤§å¸ˆ,xingyue.md,,"20"
503,ã€Šä½ æ˜¯ä½ åƒå‡ºæ¥çš„2ã€‹,ã€Šä½ æ˜¯ä½ åƒå‡ºæ¥çš„2ã€‹,you-are-what-you-eat-2.md,health,"1,620"
504,ä¿å†›äº§å“æ–¹æ³•è®º,ä¿å†›äº§å“æ–¹æ³•è®º,yujun.md,,"121"
505,Zapier,Zapier,zapier.md,,"48"
506,ç¦…ä¿®,ç¦…ä¿®,zen-meditation.md,,"45"
507,å¢æ›¼å¡ç‰‡ç›’ç¬”è®°æ³•,å¢æ›¼å¡ç‰‡ç›’ç¬”è®°æ³•,zettelkasten-method.md,,"246"
508,ã€Šç–¯ç‹‚åŠ¨ç‰©åŸã€‹,ã€Šç–¯ç‹‚åŠ¨ç‰©åŸã€‹,zootopia.md,movie,"122"
